ID_PER,P5_17_1,P5_17_2,P5_17_3,P5_17_4,P5_16_1,P5_16_3,P5_11_01,P5_26,P5_1,P5_2_1,P5_2_4,P6_1,P6_3,P6_4_1,P6_4_2,P6_13,P6_14_1,P6_14_2,P6_14_3,P6_15,P7_37,P7_38,P7_40_1,P7_40_2,P7_40_3,P7_40_4,P7_40_5,P7_40_6,P7_1,P7_2,P7_9,P7_35,P7_36,P8_9_12,P10_7,P10_5_1,P10_5_2,P10_5_3,P10_5_4,P10_1,P10_3,P10_6,P10_8
0105.8249,4,1,1,4,1,1,0,1,2,1,1,5,2,1,2,3,2,2,1,2,3,3,2,2,2,2,2,2,2,13,1,1,1,1,4,2,2,2,2,2,1,1,2
0113.7814,1,4,3,3,1,3,1,4,1,1,1,5,1,1,1,3,2,2,1,2,3,3,1,2,2,2,2,2,1,23,1,1,2,2,4,1,2,1,1,1,2,1,2
0119.5396,3,3,2,4,1,1,0,4,2,1,1,10,1,2,1,2,2,1,2,2,4,4,1,2,2,2,2,2,2,15,1,1,1,2,4,2,2,2,2,1,2,1,2
0120.5666,3,1,2,4,1,1,0,4,2,1,2,2,2,1,2,3,1,1,2,2,4,3,1,2,2,1,2,2,1,16,1,1,1,2,4,1,3,1,1,2,2,1,2
0121.9598,4,1,2,2,1,1,0,4,2,1,1,22,2,1,2,3,2,1,1,2,4,4,1,2,2,2,2,2,2,20,2,1,1,2,4,2,2,2,2,2,2,2,2
0122.9955,1,4,4,4,1,1,0,3,2,1,1,4,2,1,1,3,1,2,1,2,3,3,2,2,2,2,2,2,2,14,1,1,1,2,4,1,1,1,1,1,2,1,1
0123.8284,4,2,2,2,2,1,0,4,1,1,1,2,2,1,1,2,2,2,1,2,3,2,1,2,2,2,2,2,2,20,2,2,2,2,4,1,1,2,1,2,2,2,2
0126.2263,1,1,1,1,3,1,1,1,1,1,2,5,2,1,1,3,1,2,2,2,3,3,1,2,2,2,2,2,1,11,1,1,1,2,3,2,2,2,2,2,1,1,1
0132.8593,1,1,1,1,1,1,0,1,1,1,1,4,2,1,1,4,1,1,2,2,4,2,1,2,2,1,1,2,1,12,1,1,1,2,4,2,2,2,2,1,1,1,2
0145.6597,3,3,2,3,1,1,0,2,1,1,1,3,2,1,2,3,1,2,1,2,4,4,1,2,2,2,2,2,1,19,1,2,1,2,4,2,2,2,2,2,1,1,2
0146.7384,4,3,2,4,1,1,0,3,1,1,1,6,2,1,1,3,2,2,1,2,3,2,1,2,2,2,2,2,2,12,1,1,1,2,4,1,1,1,2,2,2,2,2
0150.7851,4,3,1,2,2,1,0,4,1,1,1,0,2,1,2,3,2,2,1,1,3,4,1,2,2,2,2,2,1,20,1,1,1,1,4,2,2,2,2,2,2,1,1
0152.4520,4,3,2,4,1,1,0,4,2,1,2,4,2,1,1,3,2,2,1,2,3,3,1,2,2,2,2,2,2,13,1,1,2,2,4,1,1,1,1,2,1,2,2
0153.5202,4,3,3,3,1,1,0,4,1,1,1,4,2,1,1,3,2,2,1,2,3,2,1,2,2,1,2,2,1,21,2,2,2,1,4,1,1,1,2,2,2,2,2
0167.9039,3,3,3,4,1,1,0,3,1,1,1,4,2,1,1,4,1,1,2,2,4,4,1,2,1,2,1,1,1,12,1,2,1,1,4,2,2,2,2,1,2,1,1
0185.0249,3,2,3,4,2,2,0,3,2,1,1,6,2,1,1,2,2,2,1,2,3,3,1,2,2,2,2,2,2,10,1,2,2,2,4,1,1,2,2,2,2,2,2
0194.3673,4,3,3,4,2,1,0,3,2,1,1,19,1,1,2,3,2,2,1,2,3,4,1,2,2,2,2,2,1,15,1,1,1,2,4,1,1,1,1,1,1,2,2
0200.2447,1,1,1,1,1,1,0,1,1,1,1,3,2,1,1,3,1,1,2,2,3,3,1,2,2,2,2,2,1,13,1,1,1,2,4,1,1,2,1,2,1,1,1
0202.2225,3,3,3,2,1,3,0,1,1,1,1,1,2,1,1,3,1,2,1,2,2,3,1,2,2,2,2,2,1,23,1,1,1,2,4,1,1,1,1,1,1,1,1
0204.1450,3,3,3,3,1,1,0,2,2,1,1,70,1,1,1,3,1,2,1,2,3,3,1,2,2,2,2,2,1,7,1,1,1,1,4,1,2,2,1,2,1,1,2
0209.5021,2,2,2,2,3,1,0,2,2,1,1,6,2,1,1,3,1,1,1,2,3,3,2,2,2,2,2,2,2,15,1,1,1,2,4,1,1,1,2,2,1,1,2
0215.0490,4,4,1,2,1,1,0,4,1,1,1,6,2,1,1,3,1,2,1,1,4,4,1,2,2,2,2,2,1,14,1,1,1,2,4,2,2,2,2,2,2,1,2
0217.2394,4,4,4,4,1,1,0,3,2,1,2,1,2,1,2,3,1,1,1,2,4,3,1,2,2,2,2,2,1,10,1,1,1,1,4,1,1,1,1,2,1,1,2
0219.6163,4,1,3,3,2,2,0,3,2,1,1,5,2,1,1,3,2,2,1,2,4,4,1,2,2,2,2,2,2,16,1,1,1,2,4,1,1,1,1,2,2,2,2
0230.3045,2,2,3,2,1,1,0,3,1,1,1,2,2,1,1,2,2,2,1,2,4,3,2,2,1,2,2,2,2,20,2,2,2,1,4,1,2,2,2,2,2,2,2
0239.3959,2,3,3,4,2,3,0,4,2,1,2,18,1,1,2,3,2,2,1,2,3,4,1,2,2,2,2,2,2,20,1,1,1,1,4,1,1,1,2,2,2,2,2
0252.6966,3,2,2,2,1,1,1,4,2,1,2,17,1,1,1,3,2,2,1,2,2,4,1,2,1,1,2,2,2,12,2,2,2,2,4,1,1,1,1,2,1,2,2
0254.8127,3,4,4,4,1,1,0,4,1,1,1,4,2,1,1,3,1,1,2,2,4,4,1,2,2,2,2,2,2,11,1,1,1,2,4,2,2,2,2,2,1,1,2
0255.7618,1,1,4,4,1,1,0,1,2,2,1,2,2,1,2,3,2,2,1,2,3,4,2,1,2,2,2,2,1,22,1,1,1,2,4,2,2,2,2,2,2,1,2
0260.0651,4,4,4,4,1,1,0,1,1,1,1,1,2,1,2,3,1,1,2,2,4,4,1,2,2,2,2,2,2,24,1,1,1,2,1,2,2,2,2,2,1,2,2
0261.4569,1,1,3,3,1,1,0,4,1,1,1,4,2,1,1,3,2,2,1,2,4,2,1,1,1,1,2,2,2,20,1,1,2,2,4,1,2,2,2,2,1,1,2
0266.8820,2,1,3,4,2,3,0,2,1,1,1,2,2,1,2,3,2,2,1,2,4,4,1,2,2,2,2,2,1,18,1,1,1,2,4,2,2,2,2,2,2,1,1
0270.0155,4,2,4,2,3,1,0,2,2,1,2,5,2,1,2,3,2,2,1,2,4,3,1,2,2,2,2,1,1,13,2,2,1,2,3,1,2,2,2,2,2,2,2
0276.2587,3,3,3,3,1,1,0,4,1,1,2,5,2,1,1,3,1,2,1,2,4,3,1,2,2,2,2,2,1,12,1,1,1,2,4,1,2,1,2,2,2,2,2
0280.8648,1,3,1,1,1,1,0,3,1,1,1,5,2,1,1,3,2,1,1,2,3,3,1,2,2,2,2,2,2,15,1,1,1,2,4,2,2,2,2,2,1,1,1
0288.0566,1,1,1,1,3,1,1,4,1,1,2,2,2,1,2,3,2,2,1,2,3,3,1,2,2,2,2,2,1,20,2,1,1,2,4,1,1,1,2,2,2,2,2
0288.3244,4,1,3,3,3,1,0,4,2,1,1,5,2,1,1,3,2,2,2,2,3,3,1,2,2,2,1,2,1,18,1,1,1,2,4,2,2,2,2,2,2,2,1
0295.4264,2,2,3,4,1,1,0,4,2,1,2,5,2,1,1,3,2,2,1,2,4,4,1,2,2,2,2,2,2,20,2,1,1,2,4,1,1,1,2,2,2,2,2
0337.0297,1,3,3,4,1,1,0,4,2,1,1,3,2,1,1,2,2,2,1,2,3,4,1,2,2,2,2,2,2,24,1,1,1,2,4,2,1,1,1,1,2,2,2
0339.0150,1,2,4,1,2,1,0,3,1,1,1,4,2,1,1,3,2,2,1,2,3,3,1,2,2,1,2,2,2,19,1,1,1,1,4,1,1,1,2,2,2,2,2
0339.4897,1,1,1,1,1,1,0,1,1,1,1,2,2,1,1,3,2,1,2,2,4,3,1,2,2,1,2,2,2,12,1,1,1,2,4,2,2,1,1,1,1,1,2
0343.9509,2,2,3,3,2,1,1,4,1,1,1,1,2,1,1,3,1,1,1,1,4,4,1,2,2,2,2,2,1,12,1,1,1,2,4,1,1,1,1,1,2,1,2
0369.8895,1,1,1,1,1,1,0,2,1,1,1,1,2,1,1,2,2,2,1,1,4,4,1,2,2,2,2,2,2,19,1,1,1,2,4,1,2,2,2,2,2,1,2
0377.5573,1,1,1,1,1,1,0,1,1,1,1,4,2,1,2,2,2,2,2,2,4,4,1,2,2,1,2,2,2,24,1,1,1,2,4,2,2,2,2,1,2,1,2
0411.5990,1,1,1,1,1,1,0,2,1,1,1,1,2,1,1,3,2,2,1,2,4,4,2,2,2,2,2,2,2,12,1,1,1,2,4,1,2,2,2,1,2,1,2
0416.7301,1,2,2,3,1,1,0,3,2,1,1,5,2,1,1,3,1,1,1,2,3,4,1,2,2,2,2,2,1,10,1,1,2,2,4,1,1,1,2,2,1,2,2
0418.1524,1,1,4,4,1,3,0,3,1,1,2,1,2,1,1,3,2,2,1,2,4,4,2,2,2,1,2,2,1,24,1,1,1,1,1,1,1,2,2,2,2,1,1
0431.9297,3,4,2,3,1,1,0,2,1,1,2,3,2,1,1,3,2,2,1,2,3,3,1,1,1,1,2,2,2,17,1,1,2,2,4,1,2,2,2,2,2,2,2
0435.1974,4,4,4,4,1,1,0,3,1,1,2,3,2,1,1,3,1,2,2,2,4,4,1,2,2,2,2,2,1,13,1,1,1,2,4,1,2,2,2,2,2,1,1
0453.4190,4,2,2,2,2,1,0,4,1,1,1,1,2,1,1,3,2,2,1,1,4,3,2,2,2,2,2,2,1,14,1,1,2,1,4,1,2,1,1,1,2,2,1
0456.9377,1,1,1,1,1,1,0,4,1,1,1,12,1,1,2,3,2,2,1,2,4,3,1,2,2,2,2,2,2,24,2,1,2,2,4,1,2,2,2,2,1,2,2
0458.4781,4,3,3,4,2,1,1,2,2,1,1,2,2,1,2,3,2,2,1,2,4,3,2,2,2,1,2,2,1,12,1,1,2,2,4,1,2,2,2,2,1,2,2
0463.5897,3,2,1,4,1,3,0,4,1,1,2,10,2,1,1,3,2,2,1,2,4,4,1,1,2,2,2,2,1,23,1,2,2,3,4,1,1,1,1,2,1,1,2
0477.7922,1,1,1,1,1,1,1,4,1,1,1,4,2,1,1,3,2,2,1,2,2,3,1,2,1,2,2,2,2,17,1,1,2,1,4,1,2,2,2,1,2,2,2
0478.5506,3,3,1,1,1,1,0,4,1,1,2,4,2,1,1,3,2,2,1,2,4,4,2,2,2,2,2,2,1,7,1,1,1,1,4,1,1,2,2,2,2,1,2
0479.2392,2,1,2,2,1,1,0,3,2,1,1,3,2,1,2,3,2,2,2,2,3,2,1,2,1,2,2,2,1,20,1,1,1,2,4,1,2,1,2,2,1,2,2
0480.6950,4,3,3,3,1,1,0,3,2,1,2,10,1,1,2,3,1,2,1,2,3,3,1,2,2,2,2,2,1,14,1,1,1,1,4,2,2,1,1,2,1,1,2
0490.8905,2,3,3,3,1,3,0,2,2,1,2,5,2,1,1,3,2,2,1,2,4,4,1,2,2,1,2,2,2,20,1,1,1,2,4,1,1,1,1,2,1,2,2
0505.2413,1,2,2,2,1,1,0,1,1,1,1,7,2,1,2,3,2,2,1,2,4,4,1,2,2,2,2,2,1,22,1,1,1,2,3,1,2,2,2,1,2,2,2
0510.6033,1,3,1,4,2,1,0,2,1,1,2,2,2,1,1,3,2,2,1,2,3,3,1,1,1,1,2,2,1,22,1,2,2,1,4,1,2,2,2,2,1,1,1
0520.7234,3,3,4,3,1,1,0,3,1,1,1,3,2,1,1,3,2,2,1,2,3,3,1,2,1,2,2,2,2,23,1,2,2,2,4,1,1,2,2,2,2,1,2
0535.1254,2,1,2,3,1,1,0,3,2,1,1,5,2,1,1,3,2,2,2,2,4,4,1,2,2,2,2,2,2,20,1,1,1,2,4,1,1,2,2,2,1,2,1
0547.0993,4,3,3,3,3,2,0,3,1,1,1,3,2,1,1,3,1,2,1,2,3,4,1,2,2,2,2,2,1,13,1,1,2,2,4,2,2,2,2,1,2,1,2
0571.6906,2,1,1,1,1,1,0,4,1,1,1,4,2,2,1,3,1,2,1,2,2,3,2,2,2,1,2,2,2,19,1,2,1,2,4,2,2,1,2,1,2,1,1
0591.0099,3,3,3,3,2,1,0,4,1,1,1,1,2,1,2,3,1,2,1,1,4,4,2,2,2,2,2,2,1,12,1,1,1,2,4,2,2,2,2,2,1,1,1
0592.3345,2,2,2,3,1,1,0,4,1,1,1,2,2,1,1,2,1,2,1,2,3,4,1,1,1,1,1,2,2,15,1,2,2,1,4,1,2,2,2,2,1,2,2
0605.4324,4,3,4,4,3,1,0,4,2,1,2,2,2,2,1,3,2,2,2,2,3,1,1,2,1,2,1,2,2,21,2,2,2,1,4,1,2,2,2,2,2,2,2
0606.7302,4,3,2,2,1,1,0,4,1,1,1,13,1,1,2,3,2,2,1,2,3,3,1,2,2,2,2,2,2,13,1,2,2,1,4,1,1,1,1,1,1,1,2
0611.1605,2,2,2,2,2,1,0,4,2,1,1,3,2,1,1,3,2,2,2,2,3,3,1,2,2,2,2,2,2,15,1,1,1,2,4,1,2,2,2,2,2,1,2
0612.7042,2,1,1,2,1,2,0,1,1,1,1,18,1,1,2,3,1,2,1,2,3,3,1,1,1,1,2,2,2,20,1,2,2,1,3,1,2,2,2,1,1,1,2
0614.5200,1,1,2,3,1,3,0,2,1,1,1,5,2,1,1,3,1,2,1,2,2,3,1,2,2,2,2,2,2,15,1,2,1,2,3,1,2,2,2,1,2,1,2
0618.5844,2,3,4,4,2,1,0,4,2,1,1,6,2,1,1,3,2,2,1,2,3,3,1,2,2,2,2,2,2,22,1,1,1,2,4,1,1,1,1,2,2,2,2
0633.0985,4,1,1,1,1,1,0,4,1,1,1,2,2,1,1,3,1,2,1,2,4,4,1,2,1,2,1,1,1,12,1,2,1,1,4,2,2,3,1,2,2,1,2
0639.6652,1,1,2,1,1,1,0,4,1,1,2,1,2,1,1,2,2,2,1,2,4,4,1,2,2,2,2,2,2,12,1,1,2,2,4,1,2,2,1,2,1,2,2
0644.7792,4,1,1,1,1,1,0,4,1,2,2,4,2,1,2,3,2,2,1,2,4,4,1,2,2,2,2,2,1,12,1,1,1,2,4,1,2,1,1,2,1,2,2
0658.0864,3,2,2,3,2,2,0,4,1,1,2,1,2,1,2,3,2,2,1,1,4,4,2,2,2,2,2,2,1,20,1,1,1,2,4,2,2,1,1,2,2,1,2
0659.2633,3,1,3,1,1,3,0,4,2,1,2,3,2,2,1,3,2,1,1,2,4,4,2,2,2,2,2,2,2,14,1,1,2,2,4,1,2,2,1,1,2,1,2
0664.9030,3,1,3,4,1,3,0,2,2,1,2,2,2,1,2,3,2,2,1,2,3,3,2,2,2,2,2,2,1,12,1,1,1,1,4,1,1,1,1,1,2,2,1
0666.6417,3,1,3,1,2,3,0,3,2,1,2,6,2,1,1,3,2,2,1,2,3,3,2,2,2,2,2,2,2,20,1,1,1,2,4,1,1,1,2,2,2,2,2
0666.9288,3,4,3,3,2,1,0,3,2,1,1,3,2,1,1,3,1,1,2,2,4,4,2,2,2,2,2,2,1,20,1,1,1,2,4,1,2,2,2,2,2,1,2
0678.6088,2,3,1,3,1,1,0,4,2,1,2,7,2,1,1,3,1,2,1,2,3,3,1,2,2,2,2,2,1,16,1,1,1,1,4,1,1,1,1,2,2,2,1
0678.6645,4,3,1,1,1,1,0,4,2,1,1,7,2,2,2,3,1,2,1,2,4,4,1,2,2,2,2,2,2,21,1,1,1,1,4,1,2,2,1,2,2,1,2
0679.1245,2,2,3,2,1,1,0,3,1,1,1,97,1,1,1,3,1,1,2,2,2,3,1,1,2,2,2,2,2,18,1,1,1,2,4,1,2,2,1,2,2,2,2
0683.3500,3,1,3,3,3,3,1,3,2,1,1,3,2,1,1,3,2,1,2,2,4,4,1,2,2,1,2,2,1,16,1,1,1,1,4,1,1,2,2,2,1,1,2
0691.4262,1,1,1,2,1,1,0,4,1,1,1,4,2,1,1,3,1,1,2,2,4,4,1,2,2,2,2,2,2,15,1,1,1,2,4,1,2,1,1,2,2,1,2
0708.1554,4,2,4,3,1,3,0,3,1,1,1,6,1,2,1,3,2,2,1,2,4,4,1,1,2,1,2,2,1,12,1,1,2,2,4,1,2,2,2,2,1,1,2
0710.3823,1,3,3,3,1,3,1,4,2,1,1,4,2,1,1,3,2,2,1,2,3,3,1,1,2,1,2,2,1,12,1,2,2,1,4,1,1,2,1,2,1,2,2
0716.0104,2,1,3,1,1,1,0,2,1,1,1,7,2,1,1,3,1,2,2,2,4,4,1,2,2,2,2,2,2,24,1,1,1,2,4,1,2,2,2,2,1,1,2
0717.4294,2,1,1,1,2,2,0,4,2,1,1,0,2,1,1,3,1,1,1,2,4,4,2,2,2,1,2,2,2,10,1,1,1,2,2,2,2,2,2,2,2,1,1
0718.5313,1,1,1,4,1,1,0,4,2,1,2,97,1,1,1,3,2,2,1,2,3,4,1,2,2,2,2,2,2,12,2,2,2,1,4,1,2,1,1,2,1,2,2
0739.7022,4,2,3,4,1,1,0,4,1,1,1,4,2,1,1,3,2,2,1,2,4,3,1,2,1,2,2,2,2,12,1,2,2,1,4,2,2,2,1,1,1,2,1
0739.7199,4,3,3,3,1,2,0,3,2,1,2,7,2,1,2,3,2,2,1,2,3,2,1,1,2,2,1,2,1,18,2,1,2,2,4,2,2,2,2,2,2,2,1
0745.6512,4,4,1,1,1,1,0,4,2,1,1,3,2,1,1,2,2,2,2,2,4,4,1,2,2,2,2,2,2,14,1,1,1,2,4,2,2,2,2,2,2,2,1
0751.5565,4,4,1,1,3,1,0,2,1,1,1,3,2,1,1,3,2,2,1,2,3,4,1,2,2,2,2,2,1,13,1,1,1,2,4,1,2,2,2,1,2,1,1
0758.2135,2,1,1,2,1,1,0,1,1,1,1,5,2,1,2,3,1,1,2,2,4,4,2,2,2,2,2,2,1,14,1,1,1,2,4,2,1,2,2,2,1,2,2
0761.2270,3,1,1,1,1,1,0,4,2,1,2,3,2,1,1,3,1,1,2,2,4,4,1,2,2,2,2,2,1,12,1,1,1,2,4,2,2,2,2,1,2,1,1
0762.0382,3,2,2,3,1,1,0,3,2,1,1,18,2,1,1,3,1,1,1,2,2,4,1,1,1,1,1,2,2,24,1,2,2,1,4,2,2,1,1,2,2,1,2
0762.9130,4,4,1,4,1,1,0,4,1,1,1,7,2,1,1,3,2,2,1,2,3,1,1,2,2,2,2,2,1,24,1,1,2,2,4,1,1,1,2,2,1,2,2
0767.4121,1,1,1,4,1,1,0,1,1,1,1,1,2,1,2,3,1,1,2,2,4,4,2,2,2,2,2,2,2,14,1,1,1,2,4,2,2,2,2,2,1,1,2
0774.6313,1,3,3,1,2,1,0,1,2,1,2,4,2,1,1,3,1,2,1,2,4,4,1,2,2,2,2,2,1,11,1,1,1,2,4,1,1,1,1,2,1,2,1
0777.8485,4,2,2,4,3,1,0,3,2,1,2,2,2,1,1,3,2,2,1,2,3,3,1,2,2,2,2,2,1,19,1,1,1,2,4,1,1,1,2,2,2,1,1
0783.2982,1,1,1,1,1,2,0,2,1,1,1,4,2,1,1,3,2,1,1,2,4,4,1,2,2,2,2,2,1,16,2,1,1,2,4,1,2,2,2,2,2,1,2
0787.8107,1,2,2,3,1,1,0,1,1,1,1,4,2,1,2,3,1,1,2,1,4,4,1,2,2,2,2,2,2,12,2,1,1,2,4,1,2,2,2,1,2,1,2
0789.7287,3,1,1,4,1,1,0,1,1,1,1,3,2,1,1,3,1,2,2,2,4,4,1,2,2,2,2,2,2,16,1,1,1,2,4,1,1,1,1,2,1,2,2
0797.2723,3,2,2,3,1,1,0,2,1,1,2,97,1,1,1,3,2,2,1,2,3,3,1,2,2,2,2,2,2,20,1,1,1,1,4,1,2,2,2,2,2,2,2
0797.5741,3,3,3,4,2,2,0,3,2,1,2,17,1,1,2,3,1,2,1,2,4,4,1,2,2,2,2,2,1,16,1,2,1,1,4,1,2,3,1,1,1,2,1
0808.1936,1,1,1,1,1,1,0,1,2,1,2,6,2,1,1,3,1,1,1,2,3,3,2,2,2,2,2,2,1,24,1,1,1,2,4,2,2,2,2,2,2,2,1
0820.8535,4,3,2,3,2,2,1,2,1,1,2,4,1,1,1,3,1,1,1,2,3,3,1,1,2,1,2,2,1,15,1,1,1,1,4,1,3,2,1,1,1,1,1
0823.1061,1,3,3,3,1,1,1,4,1,1,1,0,2,1,1,3,2,2,2,1,4,4,1,2,2,2,2,2,1,20,1,2,2,1,4,2,1,2,2,2,1,1,1
0828.4223,3,1,3,4,1,1,0,2,2,1,1,2,2,1,1,3,2,2,1,2,3,3,1,2,2,2,2,2,1,12,1,1,1,2,4,1,2,2,2,2,2,1,1
0831.9409,1,1,1,1,1,2,1,4,2,1,1,18,1,1,1,3,1,2,1,2,3,3,1,2,2,2,2,2,2,12,1,1,1,2,4,1,2,2,1,2,1,1,1
0836.6851,2,2,2,3,1,1,1,2,1,1,2,17,1,1,1,3,1,2,1,2,1,3,1,1,2,2,2,2,2,5,1,2,2,2,4,1,1,2,2,2,1,1,2
0840.8462,4,3,3,3,2,3,0,4,2,1,1,10,2,1,1,3,1,1,2,2,3,3,1,2,2,2,2,2,2,12,1,1,2,2,4,1,1,1,2,2,2,1,2
0849.6919,4,2,2,1,3,1,1,4,1,1,1,5,2,1,1,3,2,2,1,2,4,4,1,1,2,2,2,2,1,22,1,1,1,2,4,2,2,2,2,2,2,1,1
0851.3743,4,1,1,1,1,1,0,3,1,1,1,3,2,1,1,3,2,2,1,2,3,3,1,2,2,2,2,2,1,12,1,1,2,2,4,1,2,2,1,2,2,2,1
0854.7210,1,1,1,1,1,1,0,1,2,1,2,10,2,1,1,3,1,1,2,2,4,4,1,2,2,2,2,2,2,12,1,1,1,2,4,1,2,2,2,2,2,1,2
0854.9720,1,1,1,1,1,1,0,1,1,1,1,15,2,1,1,3,1,1,2,2,3,4,2,2,1,2,2,2,2,12,2,2,1,2,3,2,2,2,2,1,1,1,2
0868.4578,4,2,2,2,1,1,1,4,1,1,2,5,2,1,1,3,2,2,1,2,4,4,2,2,2,2,2,2,2,10,1,1,1,2,4,1,3,1,2,2,1,2,2
0869.7822,2,1,1,1,2,1,1,3,1,1,1,0,2,1,1,2,2,2,1,2,2,2,2,2,1,1,2,1,2,24,1,1,2,1,4,1,2,2,2,1,2,2,2
0879.1145,4,1,4,4,2,1,0,2,1,1,1,5,2,1,1,3,2,2,1,2,3,4,2,1,1,1,2,2,2,16,1,1,2,1,4,1,1,1,2,2,2,1,1
0881.6376,3,3,3,4,2,3,0,4,2,1,1,1,2,1,1,3,2,2,1,1,4,3,1,2,2,2,2,2,2,12,1,1,1,2,4,2,2,2,2,2,1,1,2
0884.7587,3,2,2,3,1,1,0,4,2,1,2,23,1,2,2,3,2,2,1,2,3,3,1,1,1,2,2,2,1,18,1,2,2,1,4,1,2,2,2,2,1,2,2
0886.9162,3,1,3,3,1,1,0,2,1,1,1,4,2,1,1,2,1,1,2,2,3,4,2,2,2,2,2,2,2,12,1,1,1,2,4,1,2,2,2,2,1,1,2
0893.9113,1,4,4,4,1,3,0,4,2,1,2,11,2,1,1,3,1,2,2,2,4,4,1,2,2,2,2,2,1,16,1,1,2,2,4,1,2,2,2,2,1,1,2
0898.2947,2,4,4,3,2,2,0,4,2,1,1,5,2,1,1,3,1,1,1,2,3,4,1,2,2,2,2,2,1,12,1,1,1,2,4,1,2,1,1,2,2,1,1
0907.9195,1,3,3,2,1,1,1,3,2,1,1,6,1,1,1,3,1,2,1,2,1,1,2,2,1,2,2,2,1,13,1,1,1,1,2,2,2,2,2,2,1,1,1
0908.6774,4,1,2,2,1,1,0,4,1,1,1,4,2,1,1,3,2,2,1,2,1,2,1,1,2,1,2,2,1,22,1,2,2,1,3,1,1,2,1,2,1,2,1
0910.6400,3,3,3,3,3,2,1,4,1,1,1,11,2,1,2,3,2,2,1,2,3,3,1,2,2,2,1,2,1,12,1,1,1,1,3,2,2,2,2,2,2,1,2
0910.7658,3,4,4,4,3,1,0,4,2,1,2,1,2,1,1,3,2,2,2,2,4,4,2,2,2,2,2,2,2,15,1,1,1,1,4,2,2,2,2,2,2,1,1
0915.2773,4,4,1,4,1,1,0,4,1,1,1,5,2,1,1,3,1,2,1,2,4,4,1,2,2,2,2,2,2,12,1,1,1,2,4,1,1,2,2,2,1,1,2
0920.3740,3,2,2,2,1,1,0,3,1,2,2,0,2,1,2,3,2,2,1,2,2,2,1,2,1,1,1,1,1,12,1,2,2,2,4,1,2,2,2,2,2,1,1
0923.9743,3,3,4,4,2,3,0,4,2,1,1,3,2,1,1,3,2,2,1,2,3,2,1,1,2,2,2,2,1,12,1,1,2,2,4,2,1,1,1,2,2,1,1
0929.3530,1,3,3,1,1,3,0,4,1,1,2,1,2,1,2,3,2,1,2,2,3,3,1,2,2,2,2,2,1,15,1,1,1,2,4,2,1,2,2,2,2,1,2
0929.5714,1,1,2,3,1,1,0,2,1,1,1,2,2,1,1,3,2,2,1,2,3,3,1,2,2,2,2,2,1,12,1,1,1,1,4,1,2,2,1,1,2,1,1
0932.4845,2,3,2,2,1,1,0,1,2,1,1,4,2,1,1,3,1,1,1,2,4,4,1,2,2,2,2,2,2,12,1,1,1,2,4,2,2,2,2,2,2,1,2
0944.3413,3,3,3,3,2,2,0,4,2,1,1,5,2,2,1,3,2,2,1,2,3,3,1,1,1,1,1,2,2,21,2,2,2,2,4,1,2,2,2,2,1,2,2
0944.6525,4,4,1,1,1,2,0,4,2,1,2,5,2,1,1,3,2,2,1,2,3,3,1,2,2,2,2,2,1,22,1,1,1,2,4,1,1,1,1,2,1,1,2
0951.3739,2,2,4,4,1,1,0,4,2,1,2,2,2,1,1,3,2,2,1,2,4,4,1,2,2,2,2,2,1,16,2,1,1,2,4,2,2,2,2,2,2,1,2
0954.1945,1,3,2,4,1,1,0,4,1,1,1,10,2,2,1,3,1,1,2,2,3,3,1,1,2,2,2,2,2,10,1,2,2,2,4,1,1,2,1,2,2,1,2
0964.6249,3,2,2,2,1,1,0,3,1,1,1,7,2,1,1,3,1,1,1,2,3,3,1,2,2,2,2,2,2,17,1,1,1,2,4,1,1,1,1,2,2,1,2
0972.1671,4,3,4,4,2,1,0,4,2,1,1,5,2,1,1,3,2,2,1,1,3,4,1,2,2,2,2,2,1,10,1,2,1,2,4,1,2,1,2,2,2,1,1
0974.9684,2,1,1,1,2,1,0,1,2,2,1,26,1,1,2,3,1,1,2,2,3,3,2,2,2,1,2,2,2,16,1,1,1,2,4,1,1,2,1,2,1,2,1
0977.7159,2,3,2,3,3,3,0,4,1,1,1,0,2,1,1,3,1,1,2,2,4,4,1,2,2,2,2,2,1,13,1,1,1,1,4,2,2,2,2,2,1,1,2
0983.4781,3,2,3,2,1,1,0,2,1,1,1,7,2,1,1,3,2,2,1,2,3,4,1,2,2,2,2,2,2,15,1,1,1,2,4,1,2,2,1,2,1,1,2
0987.6141,3,1,3,1,1,1,0,4,1,1,1,3,2,1,1,3,2,2,1,2,4,4,1,1,2,2,2,2,1,10,1,1,2,1,4,1,2,1,2,1,2,1,1
0989.9489,1,1,1,1,1,1,0,2,1,1,1,7,1,1,1,3,1,1,1,2,2,3,1,2,2,2,1,2,2,10,1,1,1,1,1,2,2,2,2,2,1,1,1
0992.2198,2,1,4,4,1,2,0,4,2,1,1,1,2,1,2,2,2,2,1,2,3,4,2,2,2,2,2,2,2,17,1,1,1,2,4,1,1,1,2,1,2,2,2
0996.1289,1,1,1,4,2,2,1,2,2,1,1,20,1,1,1,3,1,1,1,2,4,4,1,2,2,2,2,2,1,18,1,2,2,2,4,1,2,2,2,2,2,2,2
1001.1835,3,1,2,2,1,1,0,4,2,1,1,3,2,1,1,3,2,2,1,2,4,4,2,2,2,2,2,2,1,12,1,1,1,2,4,1,2,2,1,2,2,2,2
1002.5422,1,1,1,4,1,1,0,4,1,1,2,7,2,1,1,3,1,2,1,2,3,3,1,2,2,2,2,2,2,12,1,2,1,2,4,1,2,1,1,2,2,2,2
1019.6937,3,2,3,3,2,3,0,2,1,1,2,10,2,2,1,3,1,2,1,2,4,3,1,2,2,2,2,2,1,20,1,1,1,1,4,1,1,2,1,2,2,2,2
1020.2782,1,2,1,4,1,2,0,3,2,1,1,21,1,1,2,3,1,1,1,2,4,3,1,2,2,2,2,2,2,18,1,1,1,2,4,1,1,2,1,2,2,1,1
1028.0812,2,4,4,4,1,1,0,4,2,1,2,3,2,1,1,3,1,2,1,2,3,4,1,2,2,2,2,2,2,12,1,1,1,2,4,1,1,2,2,2,2,1,2
1032.0511,2,1,1,3,1,2,0,1,2,1,1,17,1,1,1,3,2,2,1,2,4,4,1,2,2,2,2,2,2,1,1,1,1,2,4,1,2,1,2,2,2,1,2
1034.9514,3,3,3,4,2,3,0,4,1,1,1,4,2,1,1,3,1,2,1,2,4,3,1,2,2,2,2,2,1,11,2,2,2,2,4,2,2,2,2,2,2,2,2
1044.0076,3,1,3,3,1,2,0,4,2,1,2,4,2,1,1,3,1,1,1,2,2,3,2,1,2,1,2,2,1,24,1,2,2,2,4,1,1,1,1,2,1,1,2
1049.1560,2,2,3,4,1,3,0,2,2,1,1,5,2,1,1,3,1,2,1,2,3,3,1,2,2,2,2,2,1,10,1,1,1,2,4,1,2,1,2,2,2,1,1
1063.3238,2,4,3,1,2,1,1,3,1,1,2,1,1,1,1,2,2,2,1,1,3,3,1,2,2,2,2,2,2,16,1,1,1,1,4,2,2,2,2,2,1,1,1
1076.5216,1,2,4,2,1,1,0,2,2,1,2,11,1,1,1,3,2,2,1,2,3,3,1,2,2,2,2,2,2,10,1,1,2,2,4,2,2,1,2,1,1,1,1
1078.7519,1,1,1,1,1,1,0,1,1,1,1,0,2,1,1,3,1,1,2,2,4,1,2,2,2,1,2,2,1,12,1,2,1,1,4,1,2,2,2,2,2,1,2
1088.9813,2,1,1,2,1,1,0,2,1,1,1,7,2,1,1,3,1,1,2,1,3,3,1,2,2,2,2,2,1,12,1,1,1,2,4,1,2,1,1,2,2,1,2
1094.7283,4,4,4,4,3,3,0,4,2,1,1,5,2,2,1,3,2,2,1,2,4,4,1,2,2,2,2,2,2,20,1,1,1,1,4,2,2,1,2,2,2,2,1
1095.8005,4,3,3,4,1,1,0,4,2,1,1,3,2,1,1,3,1,2,1,2,4,4,2,1,2,2,2,2,1,23,1,1,1,2,4,1,2,2,1,2,2,1,2
1138.3244,4,1,1,3,1,1,0,4,2,1,2,18,1,1,1,3,1,1,2,2,4,4,1,2,2,2,2,2,2,12,1,1,1,2,4,1,2,2,1,2,2,1,2
1146.5076,4,4,4,4,1,1,1,4,1,1,1,0,2,1,2,3,2,2,2,2,4,3,1,2,2,2,2,2,2,19,1,1,1,1,4,1,2,2,1,2,2,1,2
1146.5803,3,4,3,3,1,1,0,3,2,1,2,13,1,1,2,3,2,2,1,2,4,4,1,2,2,2,2,2,2,12,2,1,1,2,4,1,1,1,1,2,2,1,2
1147.3238,3,2,2,3,2,1,0,4,2,1,2,17,1,1,1,3,2,2,1,2,3,3,1,2,2,2,2,2,2,15,1,2,2,2,3,1,2,2,2,2,1,2,2
1155.6719,3,1,3,3,2,2,1,2,1,1,2,0,2,1,1,3,2,1,1,2,2,2,2,2,2,1,2,2,2,12,1,1,2,1,4,2,2,1,1,2,2,2,1
1166.3313,2,3,3,3,2,1,0,3,2,1,1,1,2,1,1,3,2,2,1,2,3,2,1,1,2,2,2,2,1,18,1,1,2,2,4,1,1,1,1,1,2,2,1
1175.7708,1,1,2,4,2,1,0,2,2,1,1,2,2,2,2,2,2,2,1,2,4,3,1,2,1,1,2,2,2,14,1,1,1,2,4,2,2,2,2,2,1,1,1
1184.2686,2,3,3,3,1,1,0,4,1,1,1,2,2,1,1,3,2,2,1,2,3,3,1,2,2,2,2,2,1,15,1,1,1,2,4,1,1,3,2,2,1,1,2
1193.0655,3,3,3,3,1,1,0,3,1,1,2,4,2,1,1,3,1,2,1,2,3,3,2,2,1,2,2,1,1,12,1,1,2,1,4,1,2,1,1,2,2,2,2
1193.3670,4,4,1,1,3,1,0,1,2,1,1,0,2,1,2,3,2,1,1,2,2,1,1,2,2,2,2,2,2,24,1,1,1,2,4,1,2,1,1,2,2,2,2
1205.8600,3,3,1,1,1,1,0,3,2,1,1,7,2,2,2,3,1,2,1,2,3,4,2,2,2,2,2,2,2,20,1,1,1,2,4,2,2,2,2,2,1,1,2
1209.1823,3,1,1,2,1,1,0,3,1,1,1,4,2,1,2,2,2,2,1,2,4,4,2,2,2,2,2,2,2,15,1,1,1,2,4,2,2,2,2,1,2,1,2
1215.5625,3,1,1,3,1,1,0,1,1,1,1,5,2,1,1,3,2,2,1,2,3,3,2,2,2,2,2,2,1,24,1,1,1,2,4,1,1,2,2,2,1,2,1
1216.1220,3,2,2,2,1,2,0,3,1,1,2,6,2,1,1,3,2,2,1,2,3,3,1,1,2,2,2,2,2,20,1,2,2,2,4,1,2,2,2,2,1,2,2
1220.0681,2,2,2,4,1,1,0,1,2,1,1,12,2,2,2,3,2,2,1,1,4,2,1,2,2,2,2,2,1,24,1,1,2,2,4,2,2,2,2,2,2,2,2
1221.6596,3,1,1,1,2,1,0,1,1,1,1,4,2,1,1,3,2,2,1,2,3,3,1,2,2,2,2,2,1,16,1,1,2,1,4,1,2,2,2,1,2,1,1
1221.8107,3,4,4,4,2,2,0,3,2,1,1,2,2,1,1,3,1,1,2,1,3,3,2,2,2,1,2,2,2,15,1,1,1,2,4,1,1,1,1,2,1,2,2
1230.6933,1,1,1,1,1,2,0,1,1,1,1,1,2,1,1,3,1,2,1,2,4,4,1,2,2,2,2,2,1,18,1,1,1,2,2,2,2,2,2,1,1,2,2
1248.7866,3,2,1,1,1,1,0,4,1,1,1,7,2,1,1,3,1,1,1,2,3,3,1,2,2,2,2,2,2,18,1,1,1,2,4,1,2,2,1,2,1,1,2
1262.7421,2,4,4,4,2,2,0,3,1,1,1,3,2,1,1,3,2,2,1,2,3,3,1,1,1,1,2,2,1,22,1,2,2,2,4,1,2,2,1,2,2,1,2
1278.8758,1,2,2,2,1,1,1,3,2,1,1,11,1,1,1,3,1,1,1,2,3,3,2,2,2,2,2,2,1,15,1,1,1,2,4,1,1,2,2,2,2,2,2
1289.6032,1,1,1,4,1,1,0,3,1,1,1,2,2,1,2,3,1,1,2,2,3,3,1,2,2,2,2,2,1,11,1,1,1,2,4,2,2,1,2,1,1,1,1
1292.5450,1,2,2,3,1,1,0,2,1,1,1,3,2,1,1,3,1,2,1,2,3,3,1,2,2,2,2,2,2,13,2,1,1,2,4,2,2,2,2,2,2,2,2
1294.0005,4,1,2,3,1,1,0,4,2,1,2,11,2,1,1,3,2,2,1,2,4,4,2,2,2,1,2,2,1,23,1,1,1,2,4,1,2,2,2,2,2,1,2
1295.5649,4,2,1,4,1,1,0,4,1,1,1,3,2,1,2,3,1,1,2,2,4,4,1,2,2,2,2,2,1,12,1,1,1,2,4,2,2,2,2,2,2,1,2
1302.2126,2,1,1,4,2,1,0,3,1,1,1,2,2,1,1,3,2,2,1,2,3,3,2,2,1,2,1,2,2,13,1,1,1,1,4,1,2,2,2,1,1,1,2
1305.5328,4,4,4,4,1,1,0,4,2,1,2,2,2,1,2,3,2,1,1,2,3,4,2,2,2,2,2,2,2,15,1,1,1,2,4,2,2,2,1,2,2,2,2
1308.2132,4,2,2,1,2,1,1,1,1,1,2,3,2,1,1,3,2,2,1,2,4,4,2,2,2,2,2,2,1,12,1,1,1,1,4,1,2,1,1,2,1,1,1
1311.8899,3,1,1,1,2,1,0,1,1,1,1,2,2,1,1,3,2,2,1,2,4,3,1,2,2,2,2,2,2,13,1,1,1,2,4,1,2,3,2,1,2,2,2
1319.4388,2,3,4,3,2,3,0,3,2,1,1,16,1,1,2,3,2,2,1,2,3,3,1,2,2,2,2,2,1,10,1,1,2,1,4,1,1,2,2,2,2,2,1
1329.3883,3,3,2,2,3,1,0,4,1,2,1,3,2,1,1,3,1,1,1,2,4,4,2,2,2,1,2,2,1,21,2,1,1,2,4,1,1,2,2,2,1,2,2
1331.6184,2,3,3,3,3,1,0,4,1,1,1,2,2,1,1,3,2,2,2,2,3,3,1,2,2,2,2,2,1,12,1,1,1,2,1,2,2,2,2,2,2,1,1
1335.3634,2,2,1,3,1,1,0,2,2,1,1,3,2,1,1,3,1,1,2,2,4,4,1,2,2,2,2,2,2,10,1,1,1,2,4,2,2,2,2,2,2,1,2
1339.2731,3,1,1,4,1,1,0,4,1,1,1,7,2,2,2,3,1,1,2,2,3,3,2,1,2,2,2,2,2,12,1,1,1,2,4,1,2,1,1,2,2,2,2
1346.5541,2,4,3,4,1,2,0,4,2,1,1,10,2,1,1,3,2,2,1,2,2,2,1,2,2,2,2,2,1,15,1,1,1,1,4,1,1,2,1,2,1,1,1
1349.9645,1,4,3,4,1,3,0,3,1,1,2,18,2,1,2,3,2,2,1,2,3,3,1,2,2,2,2,2,1,3,1,1,1,2,4,1,2,1,2,2,1,2,2
1354.8692,3,3,4,4,1,1,0,4,1,1,1,1,2,1,1,3,2,2,1,2,2,2,1,2,2,2,2,2,2,22,1,2,2,1,3,1,2,2,2,2,2,1,1
1365.0939,1,4,4,4,1,3,0,4,1,1,1,3,2,1,1,3,2,2,2,2,4,4,1,2,2,2,2,2,1,12,1,1,1,2,4,1,2,1,1,2,2,1,2
1365.5099,3,1,1,2,1,2,0,3,1,1,1,5,2,1,2,3,2,1,1,2,3,3,1,2,2,2,2,2,1,13,1,1,1,2,4,1,2,1,1,1,1,1,1
1374.9479,2,2,2,2,1,1,0,1,1,1,1,3,2,1,1,3,1,1,2,2,3,3,1,2,2,2,2,2,1,13,1,1,1,2,4,1,2,2,2,2,2,1,2
1384.7957,3,3,3,3,2,1,0,3,1,1,1,1,2,1,2,3,2,2,2,1,4,4,1,2,2,2,2,2,1,24,1,1,2,2,4,1,2,1,1,2,1,2,1
1386.5102,4,3,3,2,1,1,1,3,1,1,1,7,2,1,1,3,1,1,1,2,4,3,1,2,2,1,2,2,2,12,1,1,1,2,4,1,2,2,2,2,2,1,2
1387.5387,2,2,4,3,1,1,1,4,2,1,1,5,2,1,1,3,1,2,1,2,4,3,2,2,2,2,2,2,1,20,1,1,2,1,4,1,2,1,2,2,1,1,1
1387.5448,4,1,1,1,1,1,0,1,1,1,1,2,2,1,2,3,2,2,1,2,2,3,1,1,1,1,2,2,1,12,2,2,2,1,4,2,2,2,1,1,2,2,2
1394.2029,4,4,4,4,1,1,1,4,1,1,2,17,1,1,1,3,2,2,1,2,4,4,1,2,2,2,2,2,2,20,1,1,1,1,4,2,2,2,2,2,2,1,2
1419.0084,1,1,1,1,1,1,0,1,1,1,1,20,2,1,1,3,1,1,2,2,4,1,1,1,2,2,2,2,2,24,1,1,1,1,4,2,2,2,2,2,2,1,2
1420.7241,4,2,3,2,1,1,0,4,2,1,1,2,2,1,1,3,2,2,1,2,4,4,1,2,2,2,2,2,1,15,2,1,2,1,4,2,2,2,2,1,1,1,1
1422.7434,1,1,1,1,1,1,0,1,1,1,1,4,2,1,2,3,2,2,1,2,2,4,1,1,1,1,2,2,1,22,1,1,1,2,4,1,2,2,1,2,2,2,2
1439.3537,2,1,1,1,1,3,0,2,1,1,1,1,2,2,2,2,2,2,1,2,3,3,1,2,2,2,2,2,2,16,1,1,1,2,4,1,1,2,2,2,2,1,1
1445.3942,3,3,1,1,2,1,0,4,2,1,2,3,2,1,1,3,2,2,1,2,4,3,1,2,2,2,2,2,2,12,1,1,2,2,4,1,2,1,2,2,2,2,2
1446.6696,1,4,4,4,1,2,0,4,2,1,1,6,2,1,1,3,2,2,2,2,4,3,2,2,2,2,2,2,2,12,1,2,2,2,4,2,2,1,2,2,1,2,2
1453.7683,2,3,1,1,3,1,0,4,2,1,1,16,1,1,2,3,2,2,1,2,4,4,1,1,2,1,2,2,2,17,1,1,2,2,4,2,2,1,2,1,2,1,2
1464.2157,4,2,2,4,2,3,1,2,2,2,1,20,1,2,2,3,2,2,1,2,4,3,2,2,2,2,2,2,2,5,1,1,1,2,4,1,2,2,2,2,1,1,2
1464.3152,2,1,1,1,1,1,0,1,1,1,1,2,2,1,1,3,2,2,1,2,4,3,1,2,2,1,2,2,2,16,1,2,1,2,4,1,1,2,2,1,1,1,1
1466.1497,3,3,2,2,1,1,0,3,2,1,1,1,2,1,1,4,1,2,1,2,3,3,1,1,1,1,2,2,1,10,1,1,1,2,4,1,1,2,1,1,2,2,2
1468.8928,1,1,1,1,2,1,0,3,2,1,1,4,2,1,1,3,1,2,1,2,4,4,2,2,2,2,2,2,1,17,1,1,1,2,4,1,2,1,1,2,1,1,1
1482.9149,2,1,3,3,1,1,1,2,1,1,1,3,2,1,2,3,2,2,1,2,3,4,1,2,2,1,2,2,1,22,1,1,1,2,4,1,2,2,2,2,1,1,2
1488.9951,4,3,2,4,3,1,0,4,2,1,1,2,2,1,1,3,1,1,2,2,4,4,1,2,2,2,2,2,1,16,1,1,1,2,4,1,2,1,1,2,2,1,2
1492.1599,4,3,4,4,2,2,0,3,1,1,1,13,2,1,2,3,1,2,1,1,1,2,1,2,1,2,2,2,2,22,2,2,1,2,4,2,1,1,1,2,1,1,2
1506.8961,3,1,1,1,1,1,0,3,2,1,1,2,1,1,2,3,2,2,1,1,4,3,1,2,2,2,2,2,2,14,1,1,1,1,4,1,2,2,2,2,1,2,1
1508.4894,3,1,1,3,1,1,0,4,1,1,1,5,2,2,2,3,2,2,1,1,4,4,1,1,2,1,1,2,1,24,1,2,2,2,4,2,2,2,2,2,2,2,2
1509.5104,4,4,3,1,2,1,0,4,1,1,2,2,2,1,2,3,2,2,1,2,4,4,1,2,2,2,2,2,1,12,1,1,1,2,4,1,1,1,1,2,1,1,2
1512.7495,3,2,1,4,1,2,0,4,1,1,1,5,2,1,1,3,2,2,1,2,4,4,2,2,2,2,2,2,1,11,1,1,1,2,4,2,2,1,2,2,2,1,2
1514.6785,3,2,2,3,1,1,0,2,2,1,1,18,1,1,2,3,1,1,1,2,3,4,1,2,2,2,2,2,2,20,1,1,1,2,4,1,2,2,1,2,2,1,1
1518.0910,4,4,4,4,1,1,0,4,2,1,2,3,2,1,1,3,2,2,1,2,4,4,1,2,2,2,2,2,2,18,2,1,1,2,4,2,2,2,1,2,1,1,2
1518.7049,1,1,1,3,2,1,0,3,2,1,1,4,2,1,1,3,2,2,2,2,4,4,1,2,2,2,2,2,1,18,1,1,1,2,4,2,2,2,2,1,2,1,2
1522.8943,1,1,1,2,1,1,0,1,1,1,1,1,2,1,1,4,2,1,2,2,4,2,1,2,1,1,2,2,1,12,2,1,2,2,4,1,2,2,1,2,2,1,2
1524.5416,4,2,1,1,1,1,0,4,2,1,1,2,2,2,1,3,1,2,1,2,3,3,1,2,1,2,2,2,2,15,1,1,1,2,3,1,3,2,2,2,2,2,2
1527.2076,4,4,1,4,1,1,1,4,2,1,2,5,2,1,1,3,2,2,1,2,4,4,1,2,1,2,2,2,2,7,1,1,2,1,4,1,2,2,2,2,2,2,2
1530.5764,2,1,1,1,1,1,0,4,2,1,2,5,2,1,1,3,2,2,1,2,2,2,1,2,2,2,2,2,2,24,1,1,1,2,4,2,2,2,2,2,1,1,2
1535.1828,3,3,1,3,3,2,1,3,2,1,2,2,2,1,1,3,2,2,1,2,3,3,1,2,2,2,2,2,1,12,1,1,1,2,4,1,2,2,1,2,1,1,1
1536.0189,3,4,4,4,1,1,0,4,2,1,1,1,2,2,1,3,2,2,1,2,3,4,1,2,2,2,2,2,2,12,2,1,1,2,4,1,1,1,1,2,1,2,2
1546.7107,4,4,4,4,1,1,0,3,1,1,1,2,2,1,1,3,2,2,1,2,4,4,2,2,2,2,2,2,1,18,2,2,2,2,4,1,2,2,2,2,2,1,2
1557.0312,1,2,1,1,1,2,0,4,1,1,1,15,1,1,2,3,2,2,1,2,2,4,1,2,1,1,2,2,1,12,1,1,2,1,4,1,2,2,2,2,1,1,1
1559.9081,1,1,1,3,1,1,0,3,2,1,2,1,2,1,1,3,1,2,1,2,2,3,1,2,2,1,2,2,1,24,1,1,2,2,4,1,2,1,2,1,2,2,1
1577.9541,2,2,3,3,1,1,0,3,1,1,2,18,1,1,1,3,2,2,1,2,3,3,1,2,2,2,2,2,2,7,1,1,2,2,4,1,1,2,2,1,1,1,1
1577.9820,4,4,4,4,1,1,0,4,2,1,2,80,1,1,2,3,2,2,1,2,4,4,1,2,2,2,2,2,1,24,1,1,2,2,4,1,1,1,1,2,1,2,2
1581.4258,3,4,3,4,2,2,1,4,2,1,1,1,2,1,1,3,2,2,1,2,3,3,1,2,2,2,2,2,2,12,1,1,2,1,4,2,2,1,1,2,2,2,2
1585.8223,1,1,3,4,3,1,0,4,2,1,1,5,2,1,1,3,1,2,1,2,4,3,1,2,2,2,2,2,1,15,1,1,1,2,4,2,2,2,2,2,2,1,1
1587.7190,4,1,1,4,1,3,0,4,2,2,2,4,2,1,2,3,2,2,1,2,4,3,2,2,2,2,2,2,1,20,1,1,1,2,2,1,2,1,1,2,1,2,1
1596.0323,4,3,1,3,3,1,0,3,1,1,1,2,2,1,2,3,2,2,1,2,3,2,1,2,2,1,2,2,1,12,1,2,2,2,4,1,2,1,2,2,2,1,2
1598.3524,1,1,1,4,1,1,0,4,2,1,1,21,1,1,2,3,1,2,1,2,4,4,1,2,2,2,2,2,2,24,1,1,1,2,4,2,2,2,2,1,2,2,1
1602.3636,4,3,1,1,2,1,0,4,2,1,2,1,2,1,1,3,2,2,1,2,3,2,1,1,1,1,2,2,1,24,1,2,2,1,4,1,2,1,1,2,1,2,2
1603.4655,4,4,4,4,1,1,0,4,1,1,1,14,2,1,1,3,1,2,1,2,4,4,1,2,2,2,2,2,2,15,1,1,1,2,4,1,1,2,2,2,2,1,2
1606.3521,3,1,4,3,2,3,0,4,2,1,1,5,2,1,1,3,2,2,1,2,4,4,2,2,2,1,2,2,1,20,1,1,1,2,4,1,2,1,2,2,2,1,2
1609.0573,1,2,2,2,1,1,0,3,1,1,1,2,2,1,1,3,2,2,1,2,3,4,1,2,2,2,2,2,1,24,1,1,2,2,4,1,1,1,1,2,1,2,2
1613.6619,3,3,4,4,1,1,0,4,2,1,2,4,2,1,2,3,2,2,1,2,4,4,1,2,2,2,2,2,1,13,1,1,2,2,4,2,2,2,2,1,2,1,1
1615.7769,4,3,4,4,1,2,1,3,2,1,1,16,1,1,2,3,2,2,1,2,4,3,1,2,2,1,2,2,2,20,1,1,1,2,4,2,2,2,2,2,2,2,2
1622.4861,4,3,3,1,1,1,0,4,1,1,1,3,2,1,2,3,2,2,1,2,4,4,1,1,2,2,2,2,1,17,1,2,2,1,4,1,2,2,2,2,2,1,1
1627.8091,4,4,4,4,3,1,0,4,1,1,2,4,2,1,1,3,2,2,1,2,3,3,1,2,2,2,2,2,1,15,1,1,2,1,4,1,2,2,2,2,2,2,1
1629.2744,4,1,1,4,3,2,0,4,1,2,2,0,2,1,2,3,1,2,1,2,1,1,1,2,2,1,2,2,2,24,1,2,2,2,4,2,2,2,2,2,2,1,2
1663.6307,4,3,1,4,1,1,0,4,2,1,2,3,2,1,1,3,1,2,1,2,4,4,1,1,2,2,2,2,1,22,1,1,1,2,4,1,2,3,2,2,1,1,2
1666.8291,1,4,4,4,1,2,1,4,1,1,1,0,2,1,1,3,2,2,2,2,4,2,2,2,1,2,2,2,1,18,1,2,2,2,4,2,1,2,2,2,1,2,2
1666.8723,3,3,3,3,2,3,0,2,1,1,1,22,1,1,1,3,1,1,2,2,3,4,1,2,2,2,2,2,1,12,1,1,1,2,4,2,2,2,2,2,2,1,1
1669.1116,4,4,4,4,1,1,0,3,2,1,1,3,2,1,1,3,2,2,1,2,3,4,2,2,2,2,2,2,2,22,1,1,1,2,4,1,2,3,2,2,2,2,2
1670.9975,3,3,1,1,3,1,1,4,1,1,2,3,2,1,1,3,2,2,1,2,1,3,1,2,2,2,2,2,1,13,1,2,2,2,4,1,1,1,1,2,1,1,2
1671.4330,4,4,4,4,1,3,0,2,2,1,2,13,1,1,1,3,1,2,1,2,3,3,1,2,2,2,2,2,1,16,1,2,2,2,4,1,2,2,2,2,1,2,2
1684.2230,1,2,2,3,3,2,0,4,1,1,1,1,2,1,2,3,2,2,2,1,3,4,1,2,2,2,2,2,1,20,1,1,1,1,4,1,2,2,2,2,2,1,1
1685.6255,3,2,3,4,2,2,0,4,2,1,2,21,2,1,2,3,1,2,1,2,4,4,1,2,2,2,2,2,2,14,1,1,1,2,4,1,2,1,1,2,1,1,2
1687.0301,3,4,1,1,1,2,0,4,2,1,2,5,2,1,1,3,2,2,1,2,3,4,1,2,2,2,2,2,1,22,2,1,1,2,4,1,2,1,2,2,1,1,1
1688.8398,4,4,4,3,2,2,0,4,2,1,1,5,2,1,1,3,2,2,1,2,2,2,1,1,2,2,2,2,2,12,1,2,2,1,4,2,3,2,2,2,2,2,2
1690.8579,1,1,2,2,1,3,0,3,2,1,1,21,2,2,2,3,2,2,1,2,4,4,1,2,1,1,2,2,2,16,1,1,1,2,4,1,1,1,1,2,2,2,2
1695.3974,1,2,2,4,3,3,0,2,1,1,1,1,2,1,1,3,1,2,2,1,4,4,1,2,2,2,2,2,2,14,1,1,1,2,4,1,1,2,1,2,2,1,2
1699.8723,1,3,3,3,1,1,0,4,2,2,2,4,2,2,2,2,2,2,1,2,4,4,1,1,2,1,2,2,2,12,1,1,2,2,4,1,1,1,2,1,1,1,1
1718.2757,1,3,1,4,1,1,0,3,2,1,1,20,2,1,1,3,1,2,2,2,4,4,2,2,2,2,2,2,2,14,1,1,1,2,4,1,2,2,1,2,2,1,1
1727.4672,2,1,3,3,1,1,0,4,1,1,1,7,2,1,1,3,2,2,1,2,2,4,1,2,1,2,2,2,2,16,1,1,1,2,4,1,1,1,2,2,1,1,2
1728.5401,4,1,1,4,1,1,0,3,1,1,1,2,2,1,2,3,2,1,1,2,4,4,2,2,2,2,2,2,1,18,1,1,2,2,4,2,2,2,2,1,1,1,1
1733.7676,3,3,4,1,1,1,0,3,2,2,2,3,2,1,1,3,1,1,2,2,4,4,2,2,2,2,2,2,2,18,1,1,1,2,4,2,2,2,2,2,2,2,1
1738.1533,4,3,3,3,2,1,0,3,2,1,1,1,2,1,1,3,1,1,2,1,4,4,1,2,2,2,2,2,2,24,1,1,1,2,4,1,2,2,2,2,2,1,1
1742.8313,1,3,3,4,1,1,0,2,1,1,1,97,1,1,2,3,2,2,1,2,3,3,1,2,2,1,2,2,2,24,1,2,2,2,4,1,2,2,2,2,1,2,2
1743.1599,3,1,1,1,1,1,0,1,1,1,1,2,2,1,1,3,2,2,1,1,3,3,2,2,1,2,2,2,2,16,1,1,1,2,4,1,1,1,1,2,1,1,1
1743.1936,1,2,1,2,1,1,0,2,1,1,1,4,2,1,2,3,2,2,1,2,4,3,1,2,2,2,2,2,1,12,1,1,1,2,4,1,1,2,2,2,1,1,2
1751.5227,1,1,1,1,1,1,0,1,1,1,1,2,2,1,1,3,2,2,1,2,3,3,2,2,2,2,2,2,2,18,1,1,1,2,4,1,2,2,2,2,2,1,1
1751.6499,3,4,1,2,1,1,0,4,1,1,1,5,2,1,1,3,2,2,1,2,4,4,1,1,2,2,2,2,1,10,1,1,1,2,4,1,2,2,2,2,1,1,2
1753.6619,4,3,2,1,3,1,0,1,1,1,1,2,2,1,1,3,2,2,1,2,2,2,1,2,1,2,2,2,1,10,1,2,2,2,4,2,2,2,2,2,1,1,2
1757.5585,4,4,4,4,2,3,0,4,1,1,1,5,2,1,1,3,2,2,1,2,3,3,2,2,2,2,2,2,2,16,1,1,2,2,4,1,2,2,2,2,1,2,2
1789.4811,4,3,3,3,1,1,0,4,1,1,1,24,2,2,1,3,2,2,1,1,3,2,1,2,2,2,2,2,2,24,1,1,1,2,4,1,1,1,2,2,2,1,2
1793.4484,4,2,3,4,2,1,0,4,2,1,2,3,2,1,1,3,2,2,1,2,3,3,1,2,2,2,2,2,2,13,2,1,1,2,4,1,2,1,2,2,1,1,2
1802.9408,4,1,1,1,1,1,0,1,1,1,1,3,2,1,1,2,2,2,1,2,4,4,2,2,2,2,2,2,2,18,1,1,1,2,4,1,1,1,2,2,2,2,2
1806.8596,4,2,4,4,1,1,0,4,2,1,1,70,1,1,2,3,2,2,1,2,3,3,1,2,2,2,2,2,2,16,1,1,1,2,4,1,2,2,2,2,2,2,2
1809.3506,1,1,1,1,1,1,0,2,1,1,1,4,2,1,1,3,1,1,2,2,4,4,1,2,2,2,2,2,1,16,1,1,1,2,4,1,1,1,2,1,2,1,2
1818.4337,4,1,2,4,1,1,0,4,1,1,2,4,2,2,1,3,2,2,2,1,3,3,1,2,2,2,2,2,2,12,1,1,1,2,4,1,2,1,2,2,2,2,2
1822.9039,1,1,1,2,1,1,0,3,1,1,1,19,1,1,1,3,2,2,1,2,4,1,1,2,2,2,2,2,2,24,2,1,2,1,4,1,1,2,2,1,1,2,2
1830.6442,4,2,4,1,1,1,0,4,1,1,2,2,2,1,1,3,2,2,1,2,4,4,1,2,1,1,2,2,2,12,1,1,2,2,4,2,2,2,2,2,1,2,1
1838.1424,3,1,1,1,1,1,1,4,2,1,1,4,2,1,1,3,2,2,1,2,4,3,1,2,2,2,2,2,2,24,1,1,1,2,4,1,2,3,2,2,2,1,2
1841.0997,1,4,4,4,1,1,0,4,2,1,1,11,2,1,1,3,1,1,2,1,4,4,2,2,2,2,2,2,2,22,1,1,1,2,4,2,2,2,2,2,2,1,2
1848.3129,1,2,2,3,2,2,0,4,1,1,1,5,2,1,1,3,1,1,1,2,3,3,2,2,2,2,2,2,1,12,2,1,1,2,4,1,1,2,1,2,2,1,2
1856.7755,1,1,1,1,1,1,1,1,2,1,1,4,2,1,1,3,1,1,2,2,4,4,1,2,2,2,2,2,1,14,1,1,1,2,3,2,2,2,2,2,1,2,2
1872.8794,2,2,2,2,3,3,0,3,2,1,1,3,2,1,1,3,2,2,1,2,3,3,1,2,2,1,2,2,1,12,1,1,1,2,3,1,1,2,2,2,1,2,2
1879.1009,4,1,1,3,1,1,0,4,2,1,2,4,2,1,1,3,1,1,2,2,4,3,1,2,2,2,2,2,2,10,1,1,1,2,4,2,2,2,2,2,1,1,1
1880.4733,2,4,1,3,1,1,0,4,1,1,1,18,1,1,1,3,2,2,1,2,4,4,2,2,2,2,2,2,2,16,2,1,1,1,4,1,1,2,1,1,1,1,1
1882.9645,1,2,2,4,1,1,0,2,1,1,1,7,2,1,1,3,1,2,2,2,3,3,1,2,2,2,2,2,2,13,1,1,1,2,4,1,1,1,1,2,1,1,2
1883.4918,2,4,4,4,1,1,0,4,2,1,1,5,2,1,1,3,2,2,1,2,4,4,1,2,2,2,2,2,1,12,2,2,2,2,4,1,2,2,2,2,2,2,2
1889.9111,1,1,1,1,1,1,0,1,1,1,2,2,2,1,2,3,2,2,1,2,1,4,1,1,2,2,2,2,1,23,2,2,2,1,4,1,1,1,1,1,1,2,2
1897.4616,1,4,4,4,2,1,0,4,2,2,1,15,2,1,1,3,2,2,1,2,2,1,1,2,1,1,1,2,2,12,1,2,2,2,4,1,2,2,2,2,2,1,2
1904.8515,4,2,4,4,3,1,0,4,1,1,2,7,1,1,1,3,2,2,2,1,3,4,1,2,2,2,2,2,1,12,2,1,1,2,4,1,2,2,1,2,2,1,2
1906.2470,4,4,4,4,1,1,0,4,2,1,2,0,2,1,1,3,2,2,1,2,4,4,1,1,2,2,2,2,2,24,1,2,2,1,4,2,2,2,2,2,1,2,1
1911.8404,2,2,2,4,1,1,0,2,1,1,2,3,2,1,1,3,1,1,2,2,1,4,2,2,2,1,2,2,1,23,2,1,2,2,2,1,1,2,1,2,1,1,2
1915.2266,4,4,4,4,3,1,0,4,2,1,2,3,2,1,1,3,2,2,2,2,2,2,1,2,1,1,2,2,2,11,1,2,2,1,4,2,1,1,1,1,2,1,1
1932.2250,1,1,1,1,1,1,0,1,1,1,1,6,2,2,1,3,2,2,1,2,4,4,1,2,2,2,2,2,2,21,1,1,1,1,4,1,2,2,2,1,2,2,2
1936.8666,1,4,4,4,1,1,0,4,2,1,1,1,2,1,1,3,2,2,1,2,3,1,1,2,1,2,2,2,1,17,2,1,2,2,4,2,3,2,1,2,2,2,1
1937.7474,2,1,2,2,2,1,1,2,1,1,1,3,2,2,1,3,2,2,1,2,3,3,2,2,2,2,1,2,1,12,1,1,2,2,4,1,2,1,2,2,2,1,2
1973.2142,4,4,4,4,3,1,0,4,2,1,1,5,2,1,1,3,2,2,1,2,4,3,1,2,1,2,2,2,2,12,2,1,1,2,4,2,2,2,2,2,1,1,1
1977.5148,3,2,4,4,1,1,0,2,1,1,2,7,2,1,2,3,2,2,2,2,2,4,1,2,2,1,2,2,1,20,1,1,1,2,4,1,1,2,1,1,1,1,2
1980.8261,4,4,4,4,3,3,0,3,1,1,2,5,2,1,1,3,1,1,2,2,3,4,1,2,2,1,2,2,1,12,1,1,1,2,4,2,2,1,1,2,2,1,2
1980.8529,1,1,1,3,1,1,0,3,1,1,1,11,2,1,1,3,1,1,2,2,2,3,1,2,2,1,2,2,2,18,1,1,1,2,4,1,2,1,1,2,2,1,1
1988.3913,4,2,4,1,1,1,0,4,1,1,1,2,2,1,2,3,2,2,1,2,4,2,1,2,1,2,2,2,1,17,2,2,2,2,4,2,2,2,2,1,2,1,2
2000.3733,3,3,3,2,1,1,1,3,1,1,1,18,1,1,2,3,2,2,1,2,2,4,1,2,2,1,2,2,2,22,1,1,1,2,4,1,2,2,2,2,2,2,2
2011.6045,3,1,1,1,1,1,0,1,2,1,1,96,1,2,2,3,2,2,1,2,3,4,1,1,2,2,2,2,2,19,1,2,2,1,4,2,2,1,2,1,1,2,2
2012.9515,2,3,4,3,1,1,0,4,1,1,1,3,2,1,2,2,2,2,2,2,3,3,1,2,2,1,2,2,2,24,1,1,1,2,4,2,1,1,1,1,2,1,2
2022.3467,3,4,4,4,2,2,0,2,2,1,1,5,2,1,1,3,2,2,1,2,3,3,1,2,2,2,2,2,2,12,1,2,2,1,4,1,2,2,1,1,1,2,2
2023.4865,3,3,1,2,3,3,0,4,1,1,2,19,2,1,1,3,1,2,1,2,2,4,1,2,2,2,2,2,1,10,1,1,2,1,4,1,2,1,1,2,1,2,1
2024.2363,3,1,4,3,1,2,0,4,1,1,2,7,2,1,1,3,2,2,1,2,3,4,1,2,1,2,2,2,1,18,1,1,1,2,4,2,2,2,2,2,1,1,2
2031.7326,1,3,4,4,1,2,0,4,2,1,1,15,1,1,2,3,2,2,1,2,4,1,1,2,2,2,2,2,2,22,1,1,2,1,4,1,1,1,1,1,2,2,2
2060.7236,2,4,3,3,1,1,0,3,1,1,1,0,2,1,1,3,1,1,1,2,3,3,1,2,2,1,2,2,1,12,1,1,1,2,4,2,2,2,2,1,2,1,2
2061.9891,3,3,3,3,2,2,0,3,2,1,1,5,2,1,1,3,2,2,1,2,3,3,1,2,2,2,2,2,2,12,1,1,2,2,4,1,2,2,2,1,1,1,2
2086.2287,1,1,1,1,1,1,0,1,1,1,1,2,2,1,2,3,1,2,1,2,3,3,2,2,2,1,2,2,1,12,1,1,1,2,4,1,2,2,2,2,1,1,1
2086.9098,3,3,2,2,3,1,0,4,2,1,1,3,2,2,2,3,2,2,1,2,1,1,1,2,1,2,2,2,1,19,1,2,2,2,4,1,1,1,2,1,1,2,1
2091.7076,4,3,3,3,1,3,0,1,2,1,1,1,2,1,1,3,1,2,1,2,4,4,1,2,2,2,2,2,1,20,2,1,1,2,4,2,2,2,2,2,2,1,1
2095.0000,1,1,1,1,1,1,1,3,2,1,1,3,2,1,1,3,2,2,1,2,4,4,1,2,2,2,2,2,1,16,1,1,1,2,4,1,1,1,1,2,2,1,1
2098.2398,3,4,2,3,2,3,0,3,2,1,1,2,2,1,2,3,1,2,1,2,3,3,1,2,2,1,2,2,1,12,1,1,1,2,3,2,2,1,1,2,1,1,1
2118.2493,3,2,3,3,1,1,0,3,1,1,2,6,1,1,1,3,1,2,2,2,4,3,1,2,1,1,2,2,2,24,1,1,1,2,4,2,2,2,2,2,2,2,1
2148.5293,3,1,1,1,1,2,0,3,1,1,1,1,2,1,1,3,2,2,1,2,4,4,1,2,2,2,2,2,2,17,1,1,1,2,4,1,2,2,2,2,1,1,1
2149.6159,4,4,1,3,1,2,1,4,2,1,2,3,2,1,2,3,1,1,1,2,4,2,2,1,2,2,2,2,1,10,1,1,1,1,4,1,1,1,2,2,2,1,1
2149.8832,3,1,2,2,2,1,0,4,2,1,1,4,2,1,1,3,2,2,1,2,3,3,1,2,2,2,2,2,1,15,1,1,1,2,4,1,2,2,2,2,1,1,2
2150.1082,4,4,2,2,3,1,0,4,2,1,2,3,2,1,1,3,2,2,2,2,3,3,1,2,2,2,2,2,1,18,1,1,2,2,4,1,2,2,2,2,2,1,2
2154.4670,2,2,1,1,1,1,0,4,2,1,2,3,2,1,1,3,2,2,1,2,3,4,2,2,2,2,2,2,2,20,1,1,1,1,4,1,3,2,2,2,2,2,1
2163.6156,2,2,4,4,1,1,0,4,2,1,2,4,2,2,2,3,2,2,1,2,3,3,1,2,2,2,2,2,2,20,1,1,1,2,4,1,2,1,1,2,2,2,2
2181.9345,4,2,4,4,1,1,0,2,1,1,1,3,1,2,1,3,1,1,1,2,2,3,1,2,2,2,2,2,2,24,2,1,1,2,4,2,2,2,2,1,1,1,2
2185.2275,3,3,1,1,1,2,1,2,2,1,2,2,2,1,2,3,2,2,1,2,4,4,2,2,2,1,2,2,2,24,1,1,1,2,4,1,1,1,1,2,2,1,2
2186.9120,2,4,3,3,3,3,0,3,2,1,1,3,2,1,1,3,2,2,1,2,3,3,2,2,2,2,2,2,2,10,1,1,1,2,4,1,2,1,1,2,2,1,1
2190.4373,2,1,1,1,1,1,0,1,2,1,2,3,2,1,2,3,2,2,1,2,3,3,1,2,2,1,2,2,1,20,2,2,2,2,4,2,2,2,2,2,2,1,1
2194.5390,4,1,2,3,1,1,0,3,1,1,1,0,2,1,1,3,2,2,1,1,3,3,1,2,2,2,2,2,1,12,1,1,2,2,4,1,2,2,2,2,2,1,1
2208.1023,3,4,4,1,2,1,0,3,2,1,2,3,2,1,1,3,2,2,1,2,4,4,1,2,2,2,2,2,2,24,2,1,1,1,4,1,1,2,1,2,2,2,2
2208.1648,4,3,4,4,2,2,0,4,1,2,1,0,2,2,1,3,2,1,2,2,3,2,1,1,1,1,1,2,2,18,1,2,2,1,3,1,1,1,1,2,2,2,2
2213.1497,1,2,2,3,1,1,0,3,2,1,1,4,2,1,1,3,2,2,1,2,4,3,1,2,1,2,2,2,2,24,1,2,2,2,4,2,2,2,2,2,2,1,2
2214.7018,1,1,2,1,1,1,0,1,1,1,2,5,2,1,1,3,1,1,1,2,3,4,1,1,2,2,1,2,2,12,1,1,1,2,4,2,2,1,2,2,2,1,2
2221.8726,4,1,1,4,2,3,0,4,1,1,2,2,2,1,2,3,2,2,1,2,3,3,2,2,2,2,2,2,1,18,1,1,1,2,4,1,2,2,3,2,2,2,2
2242.3696,2,2,1,1,1,1,0,3,1,1,1,1,2,1,1,3,1,1,1,1,4,3,1,2,2,2,2,2,1,15,1,1,2,2,4,1,1,1,2,2,1,1,2
2244.5609,1,3,3,3,1,1,0,2,1,1,2,10,2,1,1,3,1,2,1,2,4,4,1,2,2,2,2,2,2,10,1,1,1,2,4,1,1,1,1,2,2,1,2
2247.0326,1,4,4,4,1,1,0,4,1,1,2,3,2,1,1,3,1,2,1,2,3,3,2,2,2,2,2,2,1,12,1,1,1,2,4,1,1,3,1,2,1,1,1
2247.5270,1,2,2,4,1,2,0,4,1,1,1,4,2,1,2,3,2,2,1,2,3,3,1,2,2,2,2,2,1,12,1,2,2,2,4,2,2,2,2,2,1,1,2
2248.6382,1,1,1,1,2,1,0,2,1,1,1,5,2,1,2,3,2,2,1,2,3,3,1,1,2,1,2,2,1,20,1,1,2,2,4,2,2,2,2,2,1,2,1
2260.9205,3,3,3,4,2,1,0,4,1,1,1,96,1,2,1,3,2,2,1,2,4,4,1,2,2,1,2,2,2,18,2,2,2,2,4,1,1,1,2,2,2,2,2
2263.7575,3,1,3,1,1,1,0,4,2,1,1,5,2,1,1,3,2,2,1,2,3,3,1,2,2,1,2,2,2,10,1,1,1,2,4,2,2,2,1,2,2,2,2
2266.7695,3,1,1,2,3,1,1,3,1,1,1,35,2,2,2,3,2,2,1,2,3,3,1,2,2,1,2,2,2,12,1,1,1,2,4,1,3,2,1,2,1,1,2
2268.1155,2,3,3,2,2,3,1,2,2,1,1,23,1,1,2,3,2,1,1,2,3,3,2,2,2,2,2,2,1,20,1,1,1,2,4,2,2,2,2,1,1,1,1
2270.5598,1,1,2,2,1,1,0,2,1,1,1,1,2,1,1,3,1,1,2,2,4,4,1,2,2,2,2,2,2,14,1,1,1,2,4,2,2,2,2,1,1,1,2
2273.4711,3,1,1,3,1,1,0,1,2,1,1,2,1,2,2,2,2,2,1,2,3,3,1,1,2,2,2,2,2,5,2,2,1,2,4,1,2,1,1,2,1,1,1
2279.4082,1,1,3,3,1,1,0,2,1,1,1,4,2,1,1,3,1,1,2,2,3,4,1,2,2,2,2,2,1,10,1,1,1,2,4,1,1,2,1,2,2,1,2
2281.9419,3,2,2,4,3,1,1,2,2,1,1,4,2,1,1,3,1,2,1,2,4,4,2,2,2,2,2,2,1,20,1,1,2,2,4,1,2,2,2,2,2,1,2
2286.1887,2,1,2,2,3,2,0,3,2,1,1,3,2,1,1,3,2,2,1,2,4,4,2,2,2,2,2,2,2,18,1,1,1,2,4,1,2,1,1,2,2,1,2
2295.8670,1,1,1,2,1,1,0,3,2,1,2,1,2,1,1,3,2,2,1,2,4,4,2,2,2,1,1,2,2,15,1,2,2,1,4,1,2,2,1,2,2,2,2
2304.3587,1,3,1,3,1,1,0,3,1,1,2,2,2,1,1,3,2,2,1,2,4,3,1,1,2,2,2,2,1,11,1,1,2,1,4,1,2,1,2,2,1,2,2
2306.3205,1,1,1,1,1,2,0,4,1,1,1,1,2,1,1,3,2,2,1,2,2,4,1,2,2,1,1,2,2,15,1,1,2,1,4,1,1,1,1,2,2,1,2
2308.4564,4,4,4,4,2,1,0,4,2,1,2,0,2,1,1,3,2,2,1,2,3,3,1,2,2,2,2,2,1,24,2,1,2,1,3,1,1,1,1,2,1,2,2
2308.7164,2,1,1,1,1,1,0,3,1,1,2,4,2,1,1,3,1,2,2,2,4,4,2,2,2,2,2,2,2,14,1,1,1,2,4,2,2,2,2,1,1,1,2
2315.5658,3,4,1,3,2,1,0,4,2,1,2,17,1,1,2,3,2,2,1,2,4,3,1,2,2,2,1,2,2,10,1,1,2,2,4,1,2,2,1,2,2,2,2
2321.7182,3,2,1,1,1,1,1,3,1,1,2,18,1,1,2,3,2,2,1,2,4,4,1,2,2,2,2,2,2,11,1,1,1,2,4,2,2,2,2,2,1,2,2
2325.1053,3,4,3,3,2,3,0,3,1,2,2,7,2,1,1,3,2,1,1,2,3,3,1,2,2,2,2,2,2,11,2,1,1,2,2,1,1,2,1,1,2,1,1
2329.0301,4,4,2,2,1,1,0,4,1,1,2,6,2,1,1,3,2,2,2,2,4,4,1,2,2,1,2,2,2,21,1,1,2,1,4,2,2,2,2,2,2,2,2
2341.6508,3,1,3,3,3,1,0,4,2,1,1,97,1,2,1,3,2,2,1,2,3,4,1,2,2,2,2,2,2,21,1,1,1,2,4,1,2,2,2,2,2,2,2
2343.6560,2,1,1,1,3,1,0,3,2,1,1,16,1,1,1,3,2,2,1,2,4,1,2,1,2,2,2,2,1,24,1,2,2,2,4,2,2,2,2,2,1,2,2
2348.2768,4,3,3,4,3,1,0,4,1,1,1,2,1,1,2,3,2,2,1,2,4,4,2,2,2,1,2,2,2,22,1,1,2,2,4,1,2,2,2,2,1,2,1
2359.3122,1,1,1,1,1,1,0,1,1,1,1,3,2,1,2,2,2,2,1,2,3,3,1,2,2,1,2,2,2,12,1,2,2,2,4,1,1,1,2,1,2,1,2
2362.5086,4,4,1,4,1,1,0,4,2,1,1,6,2,2,2,3,1,2,1,1,3,2,1,1,1,1,1,2,2,24,1,1,1,1,4,2,2,2,2,2,1,2,1
2363.4899,4,1,1,1,1,1,0,1,1,1,2,1,2,1,1,3,2,2,1,2,4,4,1,2,2,2,2,2,1,15,1,1,1,2,4,2,2,2,2,2,1,1,2
2379.6062,4,4,1,4,1,1,0,4,1,1,1,6,2,1,1,3,2,2,1,2,4,4,1,2,2,2,2,2,2,12,1,1,1,1,4,1,2,2,2,1,2,1,2
2391.7271,1,1,3,1,1,1,0,4,2,1,1,3,2,1,1,3,2,2,1,2,4,2,2,2,2,2,2,2,2,23,1,1,2,2,4,1,2,1,1,2,2,1,1
2396.5611,3,4,2,3,2,1,0,2,1,1,1,3,2,1,1,3,1,2,1,2,2,3,1,2,2,2,2,2,2,14,2,1,2,2,4,1,1,1,1,1,1,1,2
2396.9121,2,3,3,2,3,2,0,4,1,1,2,1,2,1,1,3,2,2,1,1,4,4,2,2,2,2,2,2,1,12,1,1,1,2,4,1,1,1,2,2,2,1,1
2397.7349,3,2,1,1,1,1,0,3,2,1,1,4,2,1,2,2,2,2,1,2,4,4,1,2,2,2,2,2,2,18,1,1,1,2,4,2,2,2,2,2,2,1,1
2401.3278,1,1,1,3,1,1,0,3,1,1,1,1,2,1,1,2,1,2,1,2,3,4,2,2,2,2,2,2,2,22,1,1,1,1,4,2,2,2,2,2,2,1,2
2406.2898,2,1,2,1,3,1,0,4,1,1,2,3,2,1,1,3,2,2,1,2,2,2,1,2,2,2,2,2,1,20,1,2,1,2,4,2,2,1,1,2,1,2,1
2408.9968,3,3,3,4,2,2,0,4,1,1,2,16,1,1,2,3,1,1,2,2,4,4,1,2,2,2,2,2,1,17,1,1,1,2,4,1,2,2,2,2,2,1,2
2409.8870,1,4,3,2,1,1,0,3,2,1,2,4,2,1,2,3,2,2,1,2,4,3,2,2,2,2,2,2,2,17,1,1,1,2,4,1,1,1,1,2,1,2,2
2420.1897,3,1,1,3,1,1,0,4,2,1,1,97,1,1,2,3,1,1,2,2,4,4,1,2,2,2,2,2,2,14,2,1,1,1,4,2,1,2,1,2,2,1,1
2425.9281,3,1,1,1,1,1,0,4,2,1,2,2,2,1,2,2,2,2,1,2,4,4,2,2,2,2,2,2,2,20,1,1,1,2,4,1,1,2,2,2,2,2,2
2432.9563,1,4,4,4,1,1,0,4,1,1,1,3,2,1,1,3,1,2,1,2,4,3,1,2,2,2,2,2,2,22,1,1,1,2,4,1,2,1,2,2,1,2,2
2440.7046,1,1,1,3,1,1,0,1,1,1,2,3,2,1,1,3,2,2,1,2,4,4,2,2,2,2,2,2,1,16,1,1,1,2,4,2,2,2,2,1,1,2,2
2442.4487,4,2,2,4,1,1,0,4,2,1,1,4,2,1,2,3,1,2,1,2,4,4,1,2,1,2,2,2,1,16,1,1,1,2,4,1,2,2,1,2,1,1,1
2444.0622,1,3,4,4,3,3,0,4,2,1,1,23,2,2,2,3,2,2,1,2,4,3,2,2,2,2,2,2,2,4,2,1,1,2,4,2,1,2,2,2,1,2,2
2458.1457,4,3,4,4,3,3,0,4,1,1,1,6,2,1,2,3,2,2,1,2,3,4,1,2,2,2,2,2,1,16,1,1,1,1,4,1,2,2,2,2,2,1,1
2465.1185,4,3,3,3,2,2,1,4,2,1,2,1,2,1,2,3,2,1,1,2,4,4,1,2,2,1,2,2,1,10,2,1,1,1,4,2,2,1,2,2,2,1,1
2467.2180,1,1,1,4,1,1,0,4,1,1,1,2,2,1,1,3,2,2,1,2,3,3,1,2,1,2,2,2,2,13,2,1,2,2,4,1,1,1,2,2,1,1,2
2467.6987,3,2,1,1,2,1,0,4,2,1,2,1,1,1,1,3,1,1,2,1,2,3,2,2,2,1,2,2,2,22,2,1,2,2,4,1,1,2,2,2,1,2,2
2474.7348,1,1,1,1,1,1,0,3,1,1,1,5,2,2,1,3,1,2,1,2,3,3,2,2,2,2,2,2,2,11,2,1,1,1,4,2,2,2,2,1,1,1,1
2485.7296,1,4,4,4,1,1,0,4,1,1,1,4,2,1,1,3,2,2,1,2,4,3,2,2,2,2,2,2,2,15,2,1,2,2,4,2,2,2,2,2,2,2,2
2486.6227,2,1,1,2,1,1,1,4,1,1,2,5,2,1,1,3,2,2,1,2,3,3,2,2,2,1,2,2,2,12,1,1,2,2,4,1,1,1,2,2,2,1,1
2503.7063,1,1,1,4,1,1,0,4,1,1,1,0,2,1,1,3,1,1,2,1,3,4,1,2,2,1,2,2,1,18,1,1,2,2,4,2,2,2,2,2,2,1,1
2504.0944,4,4,4,4,1,1,1,4,2,1,1,0,2,1,1,3,2,2,1,2,2,4,1,1,1,1,2,2,2,20,1,2,2,2,4,1,2,1,2,2,2,2,2
2505.5489,3,2,2,2,1,1,0,4,1,1,1,1,2,1,1,2,2,1,1,1,3,3,2,2,2,2,2,2,2,20,1,1,2,2,4,2,2,2,2,2,2,2,1
2519.9508,3,4,4,1,1,1,0,3,2,1,2,2,2,1,1,3,2,2,1,2,3,2,1,2,2,2,2,2,1,24,1,1,1,1,4,2,1,2,1,1,2,1,1
2546.2477,3,4,4,4,3,2,0,3,2,1,1,25,1,1,2,3,2,2,1,2,3,2,1,2,2,2,2,2,2,12,1,1,1,2,4,1,1,2,2,1,1,2,2
2552.7095,1,2,1,1,1,1,0,2,1,1,1,2,2,1,1,3,2,2,1,2,3,2,1,2,1,1,2,2,1,18,1,1,1,2,4,2,2,2,2,2,2,2,2
2561.0111,1,1,1,1,1,1,0,2,1,1,1,5,2,1,2,3,1,2,2,2,4,4,1,2,2,2,2,2,1,20,1,1,1,2,4,2,2,2,2,2,2,1,2
2577.6107,3,1,3,3,1,1,0,4,2,1,1,4,2,1,1,3,1,2,1,2,4,4,2,2,1,1,2,2,2,24,2,1,2,1,4,2,2,2,2,2,1,1,2
2582.1515,2,1,2,2,1,1,1,1,2,1,1,4,2,1,2,3,2,2,1,2,4,3,1,2,2,2,2,2,2,14,1,1,1,2,3,1,2,1,2,1,1,1,2
2594.2487,4,4,4,4,1,1,1,4,1,1,2,10,2,1,1,3,1,2,1,2,3,2,1,2,2,2,2,2,1,15,1,1,1,2,4,2,2,2,2,2,1,2,2
2596.7047,1,4,4,4,1,1,0,4,2,1,2,1,2,1,1,4,2,1,1,2,4,2,1,2,1,2,2,2,1,12,2,1,2,2,4,1,2,1,1,2,2,2,1
2597.0291,4,3,2,4,3,1,0,4,2,1,2,6,2,1,1,3,2,2,1,2,3,3,1,2,2,1,2,2,2,12,1,1,1,2,4,1,1,1,2,1,2,1,2
2601.9114,4,3,1,4,1,1,0,4,1,1,1,5,2,1,2,3,2,2,1,2,4,4,1,2,2,2,2,2,2,12,1,1,1,2,4,1,1,2,2,2,1,2,2
2615.1111,4,3,2,3,3,3,0,4,2,1,2,4,2,1,1,3,1,1,1,2,4,4,2,2,2,2,2,2,1,20,1,1,1,2,4,1,3,2,2,1,1,2,2
2620.0829,3,3,3,3,3,1,0,3,2,1,2,5,2,2,1,2,2,2,1,2,4,4,2,2,1,2,2,2,2,12,2,1,2,1,4,2,2,2,2,2,2,2,2
2642.6424,2,1,2,1,1,1,1,3,1,1,1,5,2,1,1,3,2,2,1,2,3,3,1,2,2,2,2,2,2,12,2,1,1,2,4,2,2,2,2,2,1,2,2
2663.6971,2,1,1,1,1,1,1,4,2,1,1,5,2,1,1,3,2,2,1,2,4,4,1,2,2,2,2,2,2,12,1,1,1,2,4,1,2,3,2,2,2,1,1
2666.2500,4,1,1,2,3,1,0,4,2,1,1,4,2,1,1,3,2,2,1,2,4,3,1,2,2,2,2,2,1,23,1,1,2,1,3,2,3,2,2,1,1,2,2
2666.5835,4,4,4,4,1,2,0,3,2,1,2,2,2,1,1,3,2,2,1,2,2,3,2,2,2,2,2,2,2,19,1,1,1,2,3,1,1,1,1,2,2,1,2
2667.1446,4,2,4,4,1,1,0,2,1,1,2,5,1,1,2,3,2,2,1,2,2,3,1,2,2,2,2,2,2,12,1,1,1,2,4,1,2,2,1,2,1,1,2
2679.3498,3,2,2,4,3,3,0,4,2,1,1,24,1,2,2,3,2,2,1,2,4,3,1,2,2,2,2,2,1,6,1,1,1,1,4,1,2,1,2,2,1,2,2
2679.7093,4,1,4,4,2,1,1,1,2,1,1,4,2,1,1,3,2,2,1,2,4,4,2,2,2,2,2,2,1,10,1,1,1,2,4,2,2,2,2,2,2,2,2
2681.2997,1,4,1,1,2,1,0,1,1,1,1,3,2,1,2,3,2,2,1,2,4,2,1,2,2,1,2,2,2,21,1,1,2,2,4,1,2,2,1,2,1,2,2
2693.4074,1,3,2,2,1,1,0,3,1,1,1,4,2,1,1,3,1,1,2,2,3,3,1,2,2,2,2,2,1,12,1,1,1,2,4,2,2,2,2,2,2,1,1
2699.2869,3,2,3,3,1,1,0,4,2,1,1,7,2,2,1,3,2,2,1,2,3,3,2,2,2,2,2,2,2,24,1,1,1,1,4,1,2,1,1,2,1,2,2
2711.5012,3,1,3,3,1,1,0,1,1,1,1,3,2,1,2,2,2,2,1,2,4,4,1,1,1,1,2,2,2,16,1,1,1,1,4,1,2,2,2,1,2,1,2
2713.2309,2,4,4,3,1,3,1,4,2,1,1,2,2,1,1,2,1,2,1,2,4,4,1,2,1,1,1,1,2,16,1,1,2,2,4,2,2,2,2,2,1,2,2
2717.8899,3,3,4,4,1,1,0,4,1,1,1,4,2,2,1,3,2,2,1,2,3,3,1,2,2,2,2,2,1,23,1,1,1,2,4,2,2,2,2,2,2,2,1
2720.7215,3,1,2,3,3,2,0,2,2,1,1,90,1,2,1,3,2,2,1,2,3,3,1,2,2,2,2,2,2,14,1,1,2,2,4,1,2,2,1,2,1,2,2
2721.0039,1,1,2,2,1,1,0,1,1,1,1,7,2,1,1,3,2,2,1,2,4,4,1,1,1,2,2,2,1,15,1,1,2,1,4,1,2,2,2,2,1,2,2
2725.0112,1,1,3,3,1,1,1,4,1,1,2,7,2,1,1,3,1,1,1,2,4,4,1,2,2,2,2,2,2,13,1,1,1,2,4,1,2,1,2,2,2,1,1
2725.9101,1,1,1,4,1,1,1,2,1,1,1,2,1,1,1,3,1,2,1,2,3,3,1,1,2,2,2,2,1,18,1,1,2,2,4,2,2,2,1,2,2,2,2
2742.1080,2,3,2,2,2,1,0,3,1,1,1,4,2,1,1,3,2,2,1,2,4,4,1,2,2,1,2,2,2,16,1,1,1,2,4,1,2,1,2,2,1,2,2
2748.7822,3,4,4,4,1,1,0,3,1,1,2,3,2,1,2,3,2,2,1,2,4,1,2,2,2,2,1,2,1,24,1,2,2,2,4,1,2,1,2,2,1,2,2
2748.8090,4,4,4,1,3,3,1,3,1,1,2,6,2,1,1,3,1,1,2,2,2,4,1,2,2,2,2,2,1,11,1,1,1,2,4,2,2,2,2,2,1,1,2
2750.9031,4,3,4,3,1,2,0,4,2,1,1,4,2,1,1,3,1,2,1,2,4,2,1,2,1,2,2,2,1,14,1,1,1,2,4,1,2,2,2,2,1,2,1
2752.8659,2,3,3,3,1,3,0,4,2,1,1,16,1,2,2,3,1,2,1,2,4,4,1,2,2,2,2,2,1,22,1,1,2,1,4,1,2,2,2,2,2,1,1
2753.1360,4,3,4,3,1,2,0,4,2,1,1,1,2,1,2,3,2,2,1,1,4,3,1,2,1,1,2,2,1,14,1,1,2,1,4,1,1,1,1,2,1,2,2
2756.0362,4,4,4,4,3,3,0,4,2,1,2,1,2,1,1,3,2,2,1,2,3,3,2,2,2,2,2,2,1,20,1,1,2,2,4,2,2,2,2,1,2,1,1
2762.5824,4,1,3,1,1,1,0,3,1,1,1,5,2,1,1,3,2,2,1,2,4,4,1,2,2,2,2,2,2,16,1,2,1,2,4,1,2,1,2,2,1,1,2
2763.4640,1,2,2,3,1,1,0,1,1,1,2,4,2,1,1,3,2,2,1,2,4,4,1,2,2,2,2,2,1,12,2,1,1,2,4,1,1,2,2,2,1,2,2
2763.7357,2,1,3,3,1,1,0,3,1,1,2,4,2,2,1,2,1,1,1,2,3,3,1,2,2,1,1,1,2,18,1,1,1,2,4,2,2,2,2,2,1,1,2
2777.3169,2,1,2,4,1,1,0,2,2,1,2,23,1,1,2,3,2,2,1,2,3,4,1,2,2,2,2,2,2,12,1,1,1,2,4,2,2,2,2,2,2,1,2
2780.5094,4,4,4,4,1,1,0,4,1,1,1,4,2,1,1,3,2,2,1,2,4,4,1,2,2,2,2,2,2,24,2,1,2,2,4,1,1,2,1,2,2,1,2
2780.5701,4,3,2,1,1,1,0,2,1,1,1,1,2,1,1,3,1,1,2,2,2,4,1,2,2,2,2,2,2,20,2,1,1,2,4,1,1,1,2,2,2,1,2
2786.5851,1,2,2,2,1,1,0,2,1,1,1,0,2,2,1,3,1,2,2,2,2,3,2,2,2,1,1,1,2,18,1,1,2,1,4,1,3,2,2,2,2,2,2
2796.6355,4,3,3,4,2,1,0,3,1,1,1,4,2,1,1,3,2,2,2,2,4,4,1,2,2,2,2,2,2,20,1,1,1,2,4,2,2,2,2,2,2,1,2
2807.6362,1,2,2,2,3,1,1,2,2,1,1,5,2,1,1,3,2,1,2,2,2,3,2,1,2,2,2,2,2,12,1,1,1,2,4,1,2,2,1,2,2,1,2
2812.9603,3,4,4,4,2,1,0,4,2,1,1,5,2,1,2,3,2,2,1,2,4,3,1,2,2,2,2,2,1,16,1,1,1,2,4,2,2,2,2,2,2,2,2
2830.2241,1,4,4,4,1,1,0,2,1,1,1,6,2,2,2,3,2,2,1,1,3,3,1,2,2,2,2,2,1,24,1,1,1,2,4,1,2,2,1,2,2,2,1
2842.5614,1,1,1,1,1,1,0,4,2,1,1,2,2,1,2,3,1,1,2,2,4,4,1,2,2,2,2,2,1,12,2,1,1,2,4,1,1,1,2,2,2,2,2
2843.3461,3,1,2,1,1,1,0,3,2,1,1,13,1,1,1,3,1,2,1,2,4,4,1,2,2,2,2,2,2,18,1,1,1,1,4,1,2,2,2,2,2,2,1
2856.8558,4,4,3,1,1,1,1,4,2,1,2,6,2,1,2,3,2,2,1,2,2,3,1,2,2,1,2,2,1,20,2,1,2,2,4,2,2,2,1,2,1,2,2
2861.3497,1,2,2,3,2,1,0,4,1,1,1,17,1,1,2,3,1,2,1,2,4,4,1,2,2,2,2,2,2,15,1,1,1,2,4,2,2,2,2,2,2,2,2
2864.1454,3,1,2,3,2,1,0,1,2,1,1,18,1,1,2,3,2,1,2,2,3,4,2,2,2,1,2,2,2,10,1,1,1,2,4,1,2,2,2,1,2,1,2
2864.8707,1,1,1,1,1,1,0,2,2,1,1,2,2,2,2,2,2,2,1,2,4,3,1,2,2,2,2,2,1,10,1,1,1,2,4,1,2,1,2,2,1,1,2
2872.3323,4,3,1,1,1,1,0,4,2,1,2,4,2,2,1,3,2,2,2,2,3,3,1,2,2,2,2,2,1,24,1,1,1,2,4,1,1,1,1,2,2,1,2
2883.2648,3,2,4,4,1,2,0,4,1,1,1,17,1,1,2,3,2,2,1,2,4,4,1,2,2,2,2,2,2,12,1,2,1,2,4,2,2,2,2,2,1,1,1
2901.7477,1,1,1,1,1,1,0,4,2,1,2,5,2,1,1,3,2,2,1,2,2,3,2,2,1,2,2,2,2,12,1,2,2,2,4,1,2,2,1,2,2,1,2
2904.0536,1,1,1,4,1,1,1,1,1,1,1,1,2,1,2,2,2,2,2,2,4,4,1,2,2,2,2,2,2,20,1,1,1,2,4,2,2,2,2,2,2,1,2
2906.5514,4,3,2,3,3,1,0,3,2,1,2,4,2,1,1,3,1,2,1,2,4,4,1,2,2,1,2,2,2,12,1,1,2,2,4,1,1,2,2,2,2,2,1
2910.6510,4,3,3,3,2,1,0,4,1,1,2,3,2,2,2,2,2,2,1,2,4,4,2,2,2,2,2,2,2,12,1,1,1,1,4,1,2,2,1,2,1,2,1
2910.6837,1,2,2,2,1,1,0,4,1,1,1,12,2,1,2,3,1,2,1,2,4,2,1,2,2,2,2,2,1,20,1,1,1,2,4,1,2,2,2,2,1,1,2
2913.9256,2,1,1,1,1,1,0,4,2,1,1,4,2,1,2,3,2,2,1,2,3,2,1,1,1,1,2,2,1,22,1,2,2,1,4,1,2,2,2,2,1,1,2
2914.4080,1,3,1,3,1,1,0,4,1,1,2,5,2,1,1,3,1,2,1,2,4,4,1,2,1,2,2,2,2,15,1,1,2,2,4,2,2,2,2,2,2,1,1
2915.9484,1,1,3,3,2,1,0,2,1,1,2,86,1,1,1,3,1,1,2,2,3,3,1,2,2,2,2,2,2,16,2,1,1,2,4,1,2,2,2,2,1,1,1
2918.6851,4,4,3,4,2,1,0,4,2,1,2,6,2,1,1,3,2,2,1,2,1,1,1,1,1,1,2,1,1,16,1,2,2,2,4,1,1,2,1,2,2,2,2
2931.8675,1,1,1,1,1,1,0,4,2,1,1,6,2,1,2,3,2,2,1,2,4,4,1,2,2,2,2,2,1,20,1,2,2,2,3,2,2,1,2,2,1,2,2
2932.7396,4,1,1,1,2,1,1,4,1,1,2,1,2,1,1,2,2,2,1,2,4,4,1,2,2,2,2,2,2,24,1,2,2,2,4,1,1,2,2,1,2,2,2
2939.8001,1,3,3,3,2,1,0,3,1,1,1,4,2,1,1,3,2,2,1,2,3,3,1,2,2,2,2,2,1,20,2,1,1,2,4,1,2,2,2,2,2,2,1
2942.4366,2,2,2,2,2,1,0,4,1,1,1,7,2,1,1,3,1,1,2,2,3,4,1,2,2,2,2,2,2,12,1,1,1,2,4,1,2,1,2,2,1,1,2
2948.0990,1,3,3,3,2,1,0,4,2,1,2,4,2,1,1,3,2,2,1,2,4,4,1,2,2,1,2,2,1,14,1,1,2,1,4,2,2,2,2,2,1,2,2
2951.3132,2,2,4,3,2,1,0,4,1,1,1,0,2,1,1,3,2,2,1,1,3,4,2,2,2,2,2,2,1,20,1,1,1,1,4,1,1,1,2,2,2,2,2
2961.9085,2,2,3,3,2,3,0,3,2,2,1,0,2,1,2,3,1,1,1,2,4,4,2,2,2,2,2,2,1,12,1,1,1,2,4,2,2,2,2,2,2,1,2
2963.5262,1,1,1,1,1,1,1,2,1,1,1,1,2,1,1,3,2,2,1,2,3,3,1,2,2,2,2,2,1,10,1,1,1,1,3,1,1,2,2,1,2,1,1
2965.6357,1,1,1,1,1,1,1,1,1,1,1,3,2,1,2,1,1,2,1,2,3,3,1,2,2,2,2,2,1,10,1,1,1,2,4,1,2,2,2,1,1,1,2
2971.9836,4,2,3,1,2,1,0,2,1,1,1,1,1,1,1,3,2,2,1,1,4,3,1,2,2,1,2,2,1,3,1,1,1,2,4,2,1,2,2,2,1,1,2
2973.9754,4,3,1,1,3,2,0,4,1,1,1,2,2,1,2,3,2,2,1,2,4,4,1,2,2,2,2,2,2,20,1,1,1,2,3,1,2,1,2,2,2,2,2
3012.6056,2,2,2,2,1,1,0,4,1,1,1,3,2,1,1,3,2,2,1,2,4,4,2,2,2,2,2,2,1,12,1,1,1,2,4,1,2,2,2,2,2,1,2
3021.9951,1,2,2,2,1,1,1,4,1,1,1,4,2,1,1,3,2,2,1,2,4,3,1,2,2,1,2,2,2,18,1,1,2,1,4,2,2,2,2,2,1,1,1
3029.0087,4,4,4,4,2,2,0,4,2,1,1,4,2,1,1,3,2,2,1,2,4,3,2,2,1,2,2,2,2,20,2,1,1,2,4,1,2,2,1,2,1,2,2
3038.8312,1,1,1,1,1,1,0,4,1,1,1,1,2,1,1,3,2,1,2,2,4,4,2,2,2,2,2,2,2,12,1,1,1,2,4,1,2,2,2,2,2,1,1
3039.5223,3,1,3,3,1,1,0,3,1,1,2,18,1,1,2,3,2,2,1,2,4,3,2,2,2,2,2,2,2,12,1,1,2,1,4,1,3,2,2,1,2,2,2
3041.2691,4,4,4,3,2,3,0,4,2,1,1,4,2,1,1,3,2,2,2,2,3,3,1,1,2,2,2,2,2,12,2,1,1,2,4,1,1,1,1,2,2,2,2
3043.6431,3,3,3,3,1,1,0,3,2,1,1,1,2,1,1,3,2,2,2,2,4,4,1,2,2,2,2,2,2,23,1,1,1,2,4,1,2,2,2,1,1,1,2
3071.1099,1,1,1,3,1,1,0,1,2,1,1,2,2,1,2,2,2,2,1,2,4,4,1,2,2,2,2,2,2,12,2,1,1,2,4,1,2,1,1,2,1,2,2
3074.1907,3,4,4,4,2,1,0,4,2,1,2,18,1,1,1,3,2,2,1,2,4,4,2,2,2,2,2,2,1,10,1,1,1,2,4,2,1,2,1,2,1,2,1
3102.3943,2,2,2,4,1,1,0,2,1,1,1,27,1,1,1,3,2,2,1,2,3,3,1,2,2,2,2,2,2,18,1,1,1,2,4,2,2,1,2,2,1,2,2
3105.4877,1,1,1,1,1,1,0,3,1,1,2,3,2,1,1,2,2,2,2,2,3,3,1,2,2,1,2,2,2,24,2,1,2,1,4,1,2,1,1,2,1,2,2
3116.1333,2,1,3,4,2,2,0,3,2,1,1,22,1,1,2,3,2,2,1,2,4,4,1,2,2,2,1,2,1,15,1,1,1,1,4,1,2,1,1,2,2,2,2
3140.1601,4,2,2,4,2,2,0,4,1,1,1,19,1,2,2,3,1,1,2,2,4,4,1,2,2,2,2,2,2,12,1,1,1,2,4,2,2,2,2,2,1,1,1
3143.6298,3,2,1,4,1,3,1,4,1,1,1,23,2,2,2,3,2,2,1,1,3,3,1,2,2,2,1,2,2,16,1,2,1,2,4,2,1,2,2,2,2,1,2
3178.9219,4,3,4,4,3,3,0,4,2,1,2,18,1,1,1,3,2,2,1,2,3,1,1,1,2,2,2,2,2,12,1,2,2,2,4,2,2,2,2,2,2,2,1
3187.6816,4,3,3,3,1,2,0,3,1,1,2,23,2,2,2,3,2,2,1,2,3,4,2,2,2,2,2,2,1,16,1,1,1,2,3,1,1,1,1,2,1,2,2
3196.2790,3,1,1,3,3,1,0,3,1,1,1,11,2,1,1,3,1,2,1,1,3,3,1,1,2,2,2,2,1,12,1,1,1,1,4,1,2,2,1,2,2,1,2
3196.7795,4,3,4,4,1,2,0,4,2,1,2,3,2,1,1,3,2,2,1,2,4,4,2,2,2,2,2,2,2,12,1,1,1,1,4,1,1,1,1,2,2,1,2
3199.0506,4,1,1,2,1,1,0,4,2,1,1,4,2,1,1,3,1,1,1,2,3,4,1,2,2,1,2,2,1,12,1,1,2,2,4,1,2,2,2,2,2,2,1
3202.5767,4,1,1,1,1,1,0,3,1,1,1,3,2,1,1,3,2,2,2,2,3,3,2,2,2,2,2,2,1,12,1,1,1,2,4,2,2,1,2,1,1,1,2
